player_display,first,last,suffix,position,nfl_team,name_key,source,adp_value,adp_min,adp_max,adp_n,as_of,adp_rank,adp_usable_for_survival
"Gibbs, Jahmyr",Jahmyr,Gibbs,,RB,DET,jahmyr gibbs,NFFC,1.09,1,2,162,2026-09-05,1.0,True
"Robinson, Bijan",Bijan,Robinson,,RB,ATL,bijan robinson,NFFC,1.99,1,3,162,2026-09-05,2.0,True
"Chase, Ja'Marr",Ja'Marr,Chase,,WR,CIN,jamarr chase,NFFC,3.15,1,10,162,2026-09-05,3.0,True
"Nacua, Puka",Puka,Nacua,,WR,LAR,puka nacua,NFFC,5.19,3,11,162,2026-09-05,4.0,True
"Smith-Njigba, Jaxon",Jaxon,Smith-Njigba,,WR,SEA,jaxon smith njigba,NFFC,5.68,3,9,162,2026-09-05,5.0,True
"St. Brown, Amon-Ra",Amon-Ra,St. Brown,,WR,DET,amon ra st brown,NFFC,5.9,3,10,162,2026-09-05,6.0,True
"McCaffrey, Christian",Christian,McCaffrey,,RB,SF,christian mccaffrey,NFFC,7.49,3,16,162,2026-09-05,7.0,True
"Taylor, Jonathan",Jonathan,Taylor,,RB,IND,jonathan taylor,NFFC,8.03,2,13,162,2026-09-05,8.0,True
"Cook III, James",James,Cook,III,RB,BUF,james cook,NFFC,8.22,3,12,162,2026-09-05,9.0,True
"Lamb, CeeDee",CeeDee,Lamb,,WR,DAL,ceedee lamb,NFFC,11.41,6,20,162,2026-09-05,10.0,True
"Brown, Chase",Chase,Brown,,RB,CIN,chase brown,NFFC,11.73,7,17,162,2026-09-05,11.0,True
"Jefferson, Justin",Justin,Jefferson,,WR,MIN,justin jefferson,NFFC,11.77,6,21,162,2026-09-05,12.0,True
"Hampton, Omarion",Omarion,Hampton,,RB,LAC,omarion hampton,NFFC,14.62,7,22,162,2026-09-05,13.0,True
"Barkley, Saquon",Saquon,Barkley,,RB,PHI,saquon barkley,NFFC,15.05,7,26,162,2026-09-05,14.0,True
"Achane, De'Von",De'Von,Achane,,RB,MIA,devon achane,NFFC,15.71,9,25,162,2026-09-05,15.0,True
"Walker III, Kenneth",Kenneth,Walker,III,RB,KC,ken walker,NFFC,15.92,9,25,162,2026-09-05,16.0,True
"Brown, A.J.",A.J.,Brown,,WR,NE,aj brown,NFFC,16.33,11,24,162,2026-09-05,17.0,True
"Jeanty, Ashton",Ashton,Jeanty,,RB,LV,ashton jeanty,NFFC,18.46,5,29,162,2026-09-05,18.0,True
"Bowers, Brock",Brock,Bowers,,TE,LV,brock bowers,NFFC,20.63,6,31,162,2026-09-05,19.0,True
"London, Drake",Drake,London,,WR,ATL,drake london,NFFC,21.19,12,33,162,2026-09-05,20.0,True
"Henry, Derrick",Derrick,Henry,,RB,BAL,derrick henry,NFFC,21.9,9,33,162,2026-09-05,21.0,True
"Pickens, George",George,Pickens,,WR,DAL,george pickens,NFFC,22.09,13,29,162,2026-09-05,22.0,True
"Olave, Chris",Chris,Olave,,WR,NO,chris olave,NFFC,22.56,13,41,162,2026-09-05,23.0,True
"Collins, Nico",Nico,Collins,,WR,HOU,nico collins,NFFC,23.14,12,32,162,2026-09-05,24.0,True
"Nabers, Malik",Malik,Nabers,,WR,NYG,malik nabers,NFFC,25.38,13,42,162,2026-09-05,25.0,True
"Smith, DeVonta",DeVonta,Smith,,WR,PHI,devonta smith,NFFC,28.25,17,39,162,2026-09-05,26.0,True
"Rice, Rashee",Rashee,Rice,,WR,KC,rashee rice,NFFC,29.26,17,47,162,2026-09-05,27.0,True
"McBride, Trey",Trey,McBride,,TE,ARI,trey mcbride,NFFC,29.67,15,50,162,2026-09-05,28.0,True
"Flowers, Zay",Zay,Flowers,,WR,BAL,zay flowers,NFFC,30.94,23,44,162,2026-09-05,29.0,True
"Williams, Javonte",Javonte,Williams,,RB,DAL,javonte williams,NFFC,32.2,18,46,162,2026-09-05,30.0,True
"McConkey, Ladd",Ladd,McConkey,,WR,LAC,ladd mcconkey,NFFC,32.85,24,47,162,2026-09-05,31.0,True
"Waddle, Jaylen",Jaylen,Waddle,,WR,DEN,jaylen waddle,NFFC,33.69,21,54,162,2026-09-05,32.0,True
"Allen, Josh",Josh,Allen,,QB,BUF,josh allen,NFFC,33.9,2,59,162,2026-09-05,33.0,True
"Love, Jeremiyah",Jeremiyah,Love,,RB,ARI,jeremiyah love,NFFC,35.46,10,57,162,2026-09-05,34.0,True
"Wilson, Garrett",Garrett,Wilson,,WR,NYJ,garrett wilson,NFFC,35.55,24,50,162,2026-09-05,35.0,True
"Hall, Breece",Breece,Hall,,RB,NYJ,breece hall,NFFC,37.33,19,53,162,2026-09-05,36.0,True
"Higgins, Tee",Tee,Higgins,,WR,CIN,tee higgins,NFFC,38.11,25,60,162,2026-09-05,37.0,True
"Williams, Kyren",Kyren,Williams,,RB,LAR,kyren williams,NFFC,38.12,18,57,162,2026-09-05,38.0,True
"Egbuka, Emeka",Emeka,Egbuka,,WR,TB,emeka egbuka,NFFC,39.13,23,66,162,2026-09-05,39.0,True
"McMillan, Tetairoa",Tetairoa,McMillan,,WR,CAR,tetairoa mcmillan,NFFC,39.49,27,55,162,2026-09-05,40.0,True
"Etienne Jr., Travis",Travis,Etienne,JR,RB,NO,travis etienne,NFFC,41.29,19,56,162,2026-09-05,41.0,True
"Burden III, Luther",Luther,Burden,III,WR,CHI,luther burden,NFFC,41.38,25,66,162,2026-09-05,42.0,True
"Moore, DJ",DJ,Moore,,WR,BUF,dj moore,NFFC,41.84,25,62,162,2026-09-05,43.0,True
"Loveland, Colston",Colston,Loveland,,TE,CHI,colston loveland,NFFC,43.4,32,53,162,2026-09-05,44.0,True
"Swift, D'Andre",D'Andre,Swift,,RB,CHI,dandre swift,NFFC,46.15,19,62,162,2026-09-05,45.0,True
"Williams, Jameson",Jameson,Williams,,WR,DET,jameson williams,NFFC,47.81,34,68,162,2026-09-05,46.0,True
"Washington, Parker",Parker,Washington,,WR,JAX,parker washington,NFFC,48.02,29,72,162,2026-09-05,47.0,True
"Watson, Christian",Christian,Watson,,WR,GB,christian watson,NFFC,48.26,37,67,162,2026-09-05,48.0,True
"Montgomery, David",David,Montgomery,,RB,HOU,david montgomery,NFFC,50.59,25,65,162,2026-09-05,49.0,True
"McLaurin, Terry",Terry,McLaurin,,WR,WAS,terry mclaurin,NFFC,50.92,31,74,162,2026-09-05,50.0,True
"Adams, Davante",Davante,Adams,,WR,LAR,davante adams,NFFC,51.02,33,74,162,2026-09-05,51.0,True
"Skattebo, Cam",Cam,Skattebo,,RB,NYG,cam skattebo,NFFC,51.9,33,76,162,2026-09-05,52.0,True
"Odunze, Rome",Rome,Odunze,,WR,CHI,rome odunze,NFFC,54.06,29,84,162,2026-09-05,53.0,True
"Warren, Tyler",Tyler,Warren,,TE,IND,tyler warren,NFFC,56.23,41,69,162,2026-09-05,54.0,True
"Judkins, Quinshon",Quinshon,Judkins,,RB,CLE,quinshon judkins,NFFC,56.6,37,71,162,2026-09-05,55.0,True
"Tuten, Bhayshul",Bhayshul,Tuten,,RB,JAX,bhayshul tuten,NFFC,57.36,30,80,162,2026-09-05,56.0,True
"Price, Jadarian",Jadarian,Price,,RB,SEA,jadarian price,NFFC,57.57,39,83,162,2026-09-05,57.0,True
"Irving, Bucky",Bucky,Irving,,RB,TB,bucky irving,NFFC,58.11,35,91,162,2026-09-05,58.0,True
"Evans, Mike",Mike,Evans,,WR,SF,mike evans,NFFC,60.49,43,90,162,2026-09-05,59.0,True
"Harrison Jr., Marvin",Marvin,Harrison,JR,WR,ARI,marvin harrison,NFFC,61.62,44,87,162,2026-09-05,60.0,True
"Burrow, Joe",Joe,Burrow,,QB,CIN,joe burrow,NFFC,62.67,14,91,162,2026-09-05,61.0,True
"Stevenson, Rhamondre",Rhamondre,Stevenson,,RB,NE,rhamondre stevenson,NFFC,64.48,50,95,162,2026-09-05,62.0,True
"Jackson, Lamar",Lamar,Jackson,,QB,BAL,lamar jackson,NFFC,65.94,18,114,162,2026-09-05,63.0,True
"Henderson, TreVeyon",TreVeyon,Henderson,,RB,NE,treveyon henderson,NFFC,66.19,32,90,162,2026-09-05,64.0,True
"Godwin Jr., Chris",Chris,Godwin,JR,WR,TB,chris godwin,NFFC,66.83,47,108,162,2026-09-05,65.0,True
"Tate, Carnell",Carnell,Tate,,WR,TEN,carnell tate,NFFC,67.54,41,98,162,2026-09-05,66.0,True
"Maye, Drake",Drake,Maye,,QB,NE,drake maye,NFFC,69.19,10,99,162,2026-09-05,67.0,True
"Johnston, Quentin",Quentin,Johnston,,WR,LAC,quentin johnston,NFFC,71.19,53,100,162,2026-09-05,68.0,True
"Thomas Jr., Brian",Brian,Thomas,JR,WR,JAX,brian thomas,NFFC,71.87,55,112,162,2026-09-05,69.0,True
"Warren, Jaylen",Jaylen,Warren,,RB,PIT,jaylen warren,NFFC,72.33,54,99,162,2026-09-05,70.0,True
"Wilson, Michael",Michael,Wilson,,WR,ARI,michael wilson,NFFC,73.67,45,97,162,2026-09-05,71.0,True
"Sutton, Courtland",Courtland,Sutton,,WR,DEN,courtland sutton,NFFC,74.15,48,107,162,2026-09-05,72.0,True
"Brooks, Jonathon",Jonathon,Brooks,,RB,CAR,jonathon brooks,NFFC,74.16,48,130,162,2026-09-05,73.0,True
"Metcalf, DK",DK,Metcalf,,WR,PIT,dk metcalf,NFFC,74.57,56,123,162,2026-09-05,74.0,True
"Kraft, Tucker",Tucker,Kraft,,TE,GB,tucker kraft,NFFC,76.39,44,97,162,2026-09-05,75.0,True
"Lloyd, MarShawn",MarShawn,Lloyd,,RB,GB,marshawn lloyd,NFFC,77.8,44,140,162,2026-09-05,76.0,True
"Corum, Blake",Blake,Corum,,RB,LAR,blake corum,NFFC,82.14,41,138,162,2026-09-05,77.0,True
"Pollard, Tony",Tony,Pollard,,RB,TEN,tony pollard,NFFC,82.78,54,106,162,2026-09-05,78.0,True
"Pitts Sr., Kyle",Kyle,Pitts,SR,TE,ATL,kyle pitts,NFFC,82.99,57,111,162,2026-09-05,79.0,True
"Williams, Caleb",Caleb,Williams,,QB,CHI,caleb williams,NFFC,83.17,24,119,162,2026-09-05,80.0,True
"Pierce, Alec",Alec,Pierce,,WR,IND,alec pierce,NFFC,84.31,58,126,162,2026-09-05,81.0,True
"Stribling, De'Zhaun",De'Zhaun,Stribling,,WR,SF,dezhaun stribling,NFFC,84.75,53,148,162,2026-09-05,82.0,True
"Pittman Jr., Michael",Michael,Pittman,JR,WR,PIT,michael pittman,NFFC,85.49,54,115,162,2026-09-05,83.0,True
"Gainwell, Kenny",Kenny,Gainwell,,RB,TB,kenneth gainwell,NFFC,87.54,64,119,162,2026-09-05,84.0,True
"Harvey, RJ",RJ,Harvey,,RB,DEN,rj harvey,NFFC,87.76,54,131,162,2026-09-05,85.0,True
"Downs, Josh",Josh,Downs,,WR,IND,josh downs,NFFC,87.83,59,162,162,2026-09-05,86.0,True
"Dowdle, Rico",Rico,Dowdle,,RB,PIT,rico dowdle,NFFC,89.11,57,120,162,2026-09-05,87.0,True
"Reed, Jayden",Jayden,Reed,,WR,GB,jayden reed,NFFC,89.67,57,133,162,2026-09-05,88.0,True
"Herbert, Justin",Justin,Herbert,,QB,LAC,justin herbert,NFFC,91.51,40,131,162,2026-09-05,89.0,True
"Mason, Jordan",Jordan,Mason,,RB,MIN,jordan mason,NFFC,92.15,67,129,162,2026-09-05,90.0,True
"Robinson, Wan'Dale",Wan'Dale,Robinson,,WR,TEN,wandale robinson,NFFC,92.7,59,143,162,2026-09-05,91.0,True
"Prescott, Dak",Dak,Prescott,,QB,DAL,dak prescott,NFFC,93.78,28,125,162,2026-09-05,92.0,True
"Lawrence, Trevor",Trevor,Lawrence,,QB,JAX,trevor lawrence,NFFC,94.94,38,131,162,2026-09-05,93.0,True
"Fannin Jr., Harold",Harold,Fannin,JR,TE,CLE,harold fannin,NFFC,95.0,67,119,162,2026-09-05,94.0,True
"Concepcion, KC",KC,Concepcion,,WR,CLE,kc concepcion,NFFC,95.34,66,142,162,2026-09-05,95.0,True
"LaPorta, Sam",Sam,LaPorta,,TE,DET,sam laporta,NFFC,95.45,70,135,162,2026-09-05,96.0,True
"Dobbins, J.K.",J.K.,Dobbins,,RB,DEN,jk dobbins,NFFC,96.45,61,147,162,2026-09-05,97.0,True
"Golden, Matthew",Matthew,Golden,,WR,GB,matthew golden,NFFC,96.49,67,141,162,2026-09-05,98.0,True
"Daniels, Jayden",Jayden,Daniels,,QB,WAS,jayden daniels,NFFC,98.2,45,164,162,2026-09-05,99.0,True
"Diggs, Stefon",Stefon,Diggs,,WR,WAS,stefon diggs,NFFC,99.01,73,127,162,2026-09-05,100.0,True
"Hurts, Jalen",Jalen,Hurts,,QB,PHI,jalen hurts,NFFC,101.3,36,156,162,2026-09-05,101.0,True
"Addison, Jordan",Jordan,Addison,,WR,MIN,jordan addison,NFFC,103.77,70,141,162,2026-09-05,102.0,True
"Kittle, George",George,Kittle,,TE,SF,george kittle,NFFC,103.97,67,138,162,2026-09-05,103.0,True
"Lemon, Makai",Makai,Lemon,,WR,PHI,makai lemon,NFFC,104.44,72,160,162,2026-09-05,104.0,True
"Hubbard, Chuba",Chuba,Hubbard,,RB,CAR,chuba hubbard,NFFC,105.33,68,156,162,2026-09-05,105.0,True
"Doubs, Romeo",Romeo,Doubs,,WR,NE,romeo doubs,NFFC,109.35,82,148,162,2026-09-05,106.0,True
"Croskey-Merritt, Jacory",Jacory,Croskey-Merritt,,RB,WAS,jacory croskey merritt,NFFC,109.38,84,155,159,2026-09-05,107.0,True
"Kincaid, Dalton",Dalton,Kincaid,,TE,BUF,dalton kincaid,NFFC,110.72,73,149,162,2026-09-05,108.0,True
"Meyers, Jakobi",Jakobi,Meyers,,WR,JAX,jakobi meyers,NFFC,112.88,76,156,162,2026-09-05,109.0,True
"Stafford, Matthew",Matthew,Stafford,,QB,LAR,matthew stafford,NFFC,113.3,27,166,162,2026-09-05,110.0,True
"Likely, Isaiah",Isaiah,Likely,,TE,NYG,isaiah likely,NFFC,115.05,79,142,162,2026-09-05,111.0,True
"White, Rachaad",Rachaad,White,,RB,WAS,rachaad white,NFFC,115.67,88,157,160,2026-09-05,112.0,True
"Goff, Jared",Jared,Goff,,QB,DET,jared goff,NFFC,116.03,44,159,162,2026-09-05,113.0,True
"Worthy, Xavier",Xavier,Worthy,,WR,KC,xavier worthy,NFFC,116.38,73,163,161,2026-09-05,114.0,True
"Jacobs, Josh",Josh,Jacobs,,RB,GB,josh jacobs,NFFC,119.05,35,227,154,2026-09-05,115.0,True
"Purdy, Brock",Brock,Purdy,,QB,SF,brock purdy,NFFC,119.33,60,163,162,2026-09-05,116.0,True
"Coker, Jalen",Jalen,Coker,,WR,CAR,jalen coker,NFFC,120.62,95,168,162,2026-09-05,117.0,True
"Monangai, Kyle",Kyle,Monangai,,RB,CHI,kyle monangai,NFFC,120.96,88,159,155,2026-09-05,118.0,True
"Washington Jr., Mike",Mike,Washington,JR,RB,LV,mike washington,NFFC,123.06,86,168,154,2026-09-05,119.0,True
"Goedert, Dallas",Dallas,Goedert,,TE,PHI,dallas goedert,NFFC,125.23,69,163,162,2026-09-05,120.0,True
"Nix, Bo",Bo,Nix,,QB,DEN,bo nix,NFFC,125.56,61,164,162,2026-09-05,121.0,True
"Allgeier, Tyler",Tyler,Allgeier,,RB,ARI,tyler allgeier,NFFC,125.75,90,164,162,2026-09-05,122.0,True
"Shaheed, Rashid",Rashid,Shaheed,,WR,SEA,rashid shaheed,NFFC,127.15,94,160,162,2026-09-05,123.0,True
"Kelce, Travis",Travis,Kelce,,TE,KC,travis kelce,NFFC,127.45,74,173,162,2026-09-05,124.0,True
"Shakir, Khalil",Khalil,Shakir,,WR,BUF,khalil shakir,NFFC,127.63,88,167,160,2026-09-05,125.0,True
"Samuel Sr., Deebo",Deebo,Samuel,SR,WR,SF,deebo samuel,NFFC,128.92,92,166,161,2026-09-05,126.0,True
"Dart, Jaxson",Jaxson,Dart,,QB,NYG,jaxson dart,NFFC,130.1,51,186,162,2026-09-05,127.0,True
"Coleman, Jonah",Jonah,Coleman,,RB,DEN,jonah coleman,NFFC,130.37,73,163,151,2026-09-05,128.0,True
"Marks, Woody",Woody,Marks,,RB,HOU,woody marks,NFFC,131.22,90,167,156,2026-09-05,129.0,True
"Rodriguez Jr., Chris",Chris,Rodriguez,JR,RB,JAX,chris rodriguez,NFFC,131.25,87,173,152,2026-09-05,130.0,True
"Ferguson, Jake",Jake,Ferguson,,TE,DAL,jake ferguson,NFFC,132.45,73,174,162,2026-09-05,131.0,True
"Mahomes, Patrick",Patrick,Mahomes,,QB,KC,patrick mahomes,NFFC,132.64,66,197,162,2026-09-05,132.0,True
"Tyson, Jordyn",Jordyn,Tyson,,WR,NO,jordyn tyson,NFFC,132.81,76,258,153,2026-09-05,133.0,True
"Jones Sr., Aaron",Aaron,Jones,SR,RB,MIN,aaron jones,NFFC,136.04,96,165,153,2026-09-05,134.0,True
"Johnson, Juwan",Juwan,Johnson,,TE,NO,juwan johnson,NFFC,139.56,110,175,160,2026-09-05,135.0,True
"Love, Jordan",Jordan,Love,,QB,GB,jordan love,NFFC,141.02,74,189,162,2026-09-05,136.0,True
"Mayfield, Baker",Baker,Mayfield,,QB,TB,baker mayfield,NFFC,141.78,73,196,162,2026-09-05,137.0,True
"Mitchell, Keaton",Keaton,Mitchell,,RB,LAC,keaton mitchell,NFFC,142.94,104,179,150,2026-09-05,138.0,True
"Murray, Kyler",Kyler,Murray,,QB,MIN,kyler murray,NFFC,144.4,75,204,162,2026-09-05,139.0,True
"Andrews, Mark",Mark,Andrews,,TE,BAL,mark andrews,NFFC,145.86,90,183,159,2026-09-05,140.0,True
"Tucker, Tre",Tre,Tucker,,WR,LV,tre tucker,NFFC,146.75,116,246,161,2026-09-05,141.0,True
"Johnson, Emmett",Emmett,Johnson,,RB,KC,emmett johnson,NFFC,148.31,97,196,152,2026-09-05,142.0,True
"Spears, Tyjae",Tyjae,Spears,,RB,TEN,tyjae spears,NFFC,148.32,116,189,151,2026-09-05,143.0,True
"Shough, Tyler",Tyler,Shough,,QB,NO,tyler shough,NFFC,151.19,86,223,162,2026-09-05,144.0,True
"Lane, Ja'Kobi",Ja'Kobi,Lane,,WR,BAL,jakobi lane,NFFC,151.27,100,231,158,2026-09-05,145.0,True
"Boston, Denzel",Denzel,Boston,,WR,CLE,denzel boston,NFFC,151.46,108,194,151,2026-09-05,146.0,True
"Bigsby, Tank",Tank,Bigsby,,RB,PHI,tank bigsby,NFFC,154.06,98,178,151,2026-09-05,147.0,True
"Charbonnet, Zach",Zach,Charbonnet,,RB,SEA,zach charbonnet,NFFC,158.12,118,211,150,2026-09-05,148.0,True
"Ferguson, Terrance",Terrance,Ferguson,,TE,LAR,terrance ferguson,NFFC,159.35,96,209,152,2026-09-05,149.0,True
"Sampson, Dylan",Dylan,Sampson,,RB,CLE,dylan sampson,NFFC,160.54,104,199,150,2026-09-05,150.0,True
"McMillan, Jalen",Jalen,McMillan,,WR,TB,jalen mcmillan,NFFC,162.12,85,218,151,2026-09-05,151.0,True
"Boutte, Kayshon",Kayshon,Boutte,,WR,HOU,kayshon boutte,NFFC,162.93,118,213,159,2026-09-05,152.0,True
"Black, Kaelon",Kaelon,Black,,RB,SF,kaelon black,NFFC,162.96,85,309,150,2026-09-05,153.0,True
"Harris, Tre'",Tre',Harris,,WR,LAC,tre harris,NFFC,164.43,114,278,150,2026-09-05,154.0,True
"Willis, Malik",Malik,Willis,,QB,MIA,malik willis,NFFC,166.5,80,229,160,2026-09-05,155.0,True
"Wicks, Dontayvion",Dontayvion,Wicks,,WR,PHI,dontayvion wicks,NFFC,167.63,106,223,155,2026-09-05,156.0,True
"Strange, Brenton",Brenton,Strange,,TE,JAX,brenton strange,NFFC,167.78,84,226,153,2026-09-05,157.0,True
"Nailor, Jalen",Jalen,Nailor,,WR,LV,jalen nailor,NFFC,167.84,113,216,151,2026-09-05,158.0,True
"Mitchell, Adonai",Adonai,Mitchell,,WR,NYJ,adonai mitchell,NFFC,168.14,109,245,152,2026-09-05,159.0,True
"Flournoy, Ryan",Ryan,Flournoy,,WR,DAL,ryan flournoy,NFFC,168.88,102,210,150,2026-09-05,160.0,True
"Robinson, Brian",Brian,Robinson,,RB,ATL,brian robinson,NFFC,173.39,110,235,150,2026-09-05,161.0,True
"Darnold, Sam",Sam,Darnold,,QB,SEA,sam darnold,NFFC,174.3,88,237,157,2026-09-05,162.0,True
"Davis, Ray",Ray,Davis,,RB,BUF,ray davis,NFFC,174.78,124,219,150,2026-09-05,163.0,True
"Washington, Malik",Malik,Washington,,WR,MIA,malik washington,NFFC,175.45,118,248,156,2026-09-05,164.0,True
"Allen, Braelon",Braelon,Allen,,RB,NYJ,braelon allen,NFFC,175.81,130,232,151,2026-09-05,165.0,True
"Okonkwo, Chig",Chig,Okonkwo,,TE,WAS,chigoziem okonkwo,NFFC,176.72,124,228,150,2026-09-05,166.0,True
"Henry, Hunter",Hunter,Henry,,TE,NE,hunter henry,NFFC,179.19,120,214,151,2026-09-05,167.0,True
"Jennings, Jauan",Jauan,Jennings,,WR,MIN,jauan jennings,NFFC,183.17,126,244,153,2026-09-05,168.0,True
"Tracy Jr., Tyrone",Tyrone,Tracy,JR,RB,NYG,tyrone tracy,NFFC,184.67,117,281,150,2026-09-05,169.0,True
"Allen, Cyrus",Cyrus,Allen,,WR,KC,cyrus allen,NFFC,185.38,113,279,149,2026-09-05,170.0,True
"Schultz, Dalton",Dalton,Schultz,,TE,HOU,dalton schultz,NFFC,185.66,139,239,154,2026-09-05,171.0,True
"Douglas, Caleb",Caleb,Douglas,,WR,MIA,caleb douglas,NFFC,186.34,118,258,152,2026-09-05,172.0,True
"Vidal, Kimani",Kimani,Vidal,,RB,LAC,kimani vidal,NFFC,187.27,133,249,150,2026-09-05,173.0,True
"Jones, Daniel",Daniel,Jones,,QB,IND,daniel jones,NFFC,187.64,108,240,147,2026-09-05,174.0,True
"Bryant, Pat",Pat,Bryant,,WR,DEN,pat bryant,NFFC,187.95,117,272,149,2026-09-05,175.0,True
"Bell, Chris",Chris,Bell,,WR,MIA,chris bell,NFFC,190.37,102,313,150,2026-09-05,176.0,True
"Fields, Malachi",Malachi,Fields,,WR,NYG,malachi fields,NFFC,190.59,126,270,151,2026-09-05,177.0,True
"Davis, Malik",Malik,Davis,,RB,DAL,malik davis,NFFC,190.85,121,273,148,2026-09-05,178.0,True
"Jeudy, Jerry",Jerry,Jeudy,,WR,CLE,jerry jeudy,NFFC,191.26,113,287,144,2026-09-05,179.0,True
"Allen, Keenan",Keenan,Allen,,WR,IND,keenan allen,NFFC,194.2,127,256,148,2026-09-05,180.0,True
"Holani, George",George,Holani,,RB,SEA,george holani,NFFC,196.05,117,300,148,2026-09-05,181.0,True
"Harris, Najee",Najee,Harris,,RB,NYG,najee harris,NFFC,196.93,133,323,150,2026-09-05,182.0,True
"Kamara, Alvin",Alvin,Kamara,,RB,NO,alvin kamara,NFFC,197.37,138,270,147,2026-09-05,183.0,True
"Allen, Kaytron",Kaytron,Allen,,RB,WAS,kaytron allen,NFFC,203.07,145,296,146,2026-09-05,184.0,True
"TeSlaa, Isaac",Isaac,TeSlaa,,WR,DET,isaac teslaa,NFFC,203.64,136,279,144,2026-09-05,185.0,True
"Cooper Jr., Omar",Omar,Cooper,JR,WR,NYJ,omar cooper,NFFC,204.45,135,298,141,2026-09-05,186.0,True
"Stroud, C.J.",C.J.,Stroud,,QB,HOU,cj stroud,NFFC,204.57,104,240,108,2026-09-05,187.0,True
"Hockenson, T.J.",T.J.,Hockenson,,TE,MIN,tj hockenson,NFFC,209.02,147,240,128,2026-09-05,188.0,True
"Sadiq, Kenyon",Kenyon,Sadiq,,TE,NYJ,kenyon sadiq,NFFC,211.08,157,266,126,2026-09-05,189.0,True
"Pacheco, Isiah",Isiah,Pacheco,,RB,DET,isiah pacheco,NFFC,211.29,112,330,117,2026-09-05,190.0,True
"Singleton, Nicholas",Nicholas,Singleton,,RB,TEN,nicholas singleton,NFFC,212.63,136,339,132,2026-09-05,191.0,True
"Vele, Devaughn",Devaughn,Vele,,WR,NO,devaughn vele,NFFC,212.99,148,321,136,2026-09-05,192.0,True
"Gadsden, Oronde",Oronde,Gadsden,,TE,LAC,oronde gadsden,NFFC,213.01,145,256,105,2026-09-05,193.0,True
"Claiborne, Demond",Demond,Claiborne,,RB,MIN,demond claiborne,NFFC,213.7,140,308,134,2026-09-05,194.0,True
"Johnson, Kaleb",Kaleb,Johnson,,RB,GB,kaleb johnson,NFFC,215.14,148,324,139,2026-09-05,195.0,True
"Barner, AJ",AJ,Barner,,TE,SEA,aj barner,NFFC,215.45,159,238,126,2026-09-05,196.0,True
"Ward, Cam",Cam,Ward,,QB,TEN,cameron ward,NFFC,216.1,120,240,73,2026-09-05,197.0,True
"Hurst III, Ted",Ted,Hurst,III,WR,TB,ted hurst,NFFC,217.47,137,319,132,2026-09-05,198.0,True
"McGowan, Seth",Seth,McGowan,,RB,IND,seth mcgowan,NFFC,218.27,162,335,139,2026-09-05,199.0,True
"Brissett, Jacoby",Jacoby,Brissett,,QB,ARI,jacoby brissett,NFFC,219.72,121,238,66,2026-09-05,200.0,True
"Brooks, Chris",Chris,Brooks,,RB,GB,chris brooks,NFFC,220.04,138,318,126,2026-09-05,201.0,True
"Dulcich, Greg",Greg,Dulcich,,TE,MIA,greg dulcich,NFFC,221.83,151,240,90,2026-09-05,202.0,True
"Hill, Justice",Justice,Hill,,RB,BAL,justice hill,NFFC,222.08,154,282,126,2026-09-05,203.0,True
"Wright, Jaylen",Jaylen,Wright,,RB,MIA,jaylen wright,NFFC,222.22,122,298,117,2026-09-05,204.0,True
"Hunter, Travis",Travis,Hunter,,WR,JAX,travis hunter,NFFC,222.42,155,318,116,2026-09-05,205.0,True
"James, Jordan",Jordan,James,,RB,SF,jordan james,NFFC,222.64,100,304,128,2026-09-05,206.0,True
"Tucker, Sean",Sean,Tucker,,RB,TB,sean tucker,NFFC,223.01,152,281,116,2026-09-05,207.0,True
"Young, Bryce",Bryce,Young,,QB,CAR,bryce young,NFFC,224.04,131,235,46,2026-09-05,208.0,True
"Williams, Antonio",Antonio,Williams,,WR,WAS,antonio williams,NFFC,226.1,104,326,113,2026-09-05,209.0,True
"Rodgers, Aaron",Aaron,Rodgers,,QB,PIT,aaron rodgers,NFFC,227.08,128,238,35,2026-09-05,210.0,True
"Kupp, Cooper",Cooper,Kupp,,WR,SEA,cooper kupp,NFFC,227.86,156,299,108,2026-09-05,211.0,True
"Ridley, Calvin",Calvin,Ridley,,WR,TEN,calvin ridley,NFFC,228.17,117,309,103,2026-09-05,212.0,True
"Smith, Geno",Geno,Smith,,QB,NYJ,geno smith,NFFC,228.96,136,244,38,2026-09-05,213.0,True
"Branch, Zachariah",Zachariah,Branch,,WR,ATL,zachariah branch,NFFC,229.21,145,334,96,2026-09-05,214.0,True
"Perine, Samaje",Samaje,Perine,,RB,CIN,samaje perine,NFFC,229.78,148,309,119,2026-09-05,215.0,True
"Dell, Tank",Tank,Dell,,WR,HOU,tank dell,NFFC,230.75,120,330,89,2026-09-05,216.0,True
"Helm, Gunnar",Gunnar,Helm,,TE,TEN,gunnar helm,NFFC,231.77,171,266,61,2026-09-05,217.0,True
"Mendoza, Fernando",Fernando,Mendoza,,QB,LV,fernando mendoza,NFFC,232.45,159,252,39,2026-09-05,218.0,True
"Franklin, Troy",Troy,Franklin,,WR,DEN,troy franklin,NFFC,234.12,164,310,70,2026-09-05,219.0,True
"Otton, Cade",Cade,Otton,,TE,TB,cade otton,NFFC,235.02,180,288,42,2026-09-05,220.0,True
"Blue, Jaydon",Jaydon,Blue,,RB,PHI,jaydon blue,NFFC,235.51,109,350,62,2026-09-05,221.0,True
"Noel, Jaylin",Jaylin,Noel,,WR,HOU,jaylin noel,NFFC,236.72,176,330,103,2026-09-05,222.0,True
"Freiermuth, Pat",Pat,Freiermuth,,TE,PIT,pat freiermuth,NFFC,236.9,187,288,43,2026-09-05,223.0,True
"Saylors, Jacob",Jacob,Saylors,,RB,DET,jacob saylors,NFFC,237.58,157,348,84,2026-09-05,224.0,True
"Cousins, Kirk",Kirk,Cousins,,QB,LV,kirk cousins,NFFC,239.57,169,320,34,2026-09-05,225.0,True
"Penix Jr., Michael",Michael,Penix,JR,QB,ATL,michael penix,NFFC,239.69,180,302,32,2026-09-05,226.0,True
"Tonges, Jake",Jake,Tonges,,TE,SF,jake tonges,NFFC,240.16,186,330,61,2026-09-05,227.0,True
"Parkinson, Colby",Colby,Parkinson,,TE,LAR,colby parkinson,NFFC,240.3,163,291,63,2026-09-05,228.0,True
"Hunter, Jarquez",Jarquez,Hunter,,RB,MIA,jarquez hunter,NFFC,240.46,192,235,3,2026-09-05,229.0,False
"Coleman, Keon",Keon,Coleman,,WR,BUF,keon coleman,NFFC,240.5,180,319,65,2026-09-05,230.0,True
"McLaughlin, Jaleel",Jaleel,McLaughlin,,RB,CLE,jaleel mclaughlin,NFFC,240.6,177,177,1,2026-09-05,231.0,False
"Lane, Jaylin",Jaylin,Lane,,WR,WAS,jaylin lane,NFFC,240.77,203,203,1,2026-09-05,232.0,False
"Jordan, Jawhar",Jawhar,Jordan,,RB,HOU,jawhar jordan,NFFC,240.83,213,213,1,2026-09-05,233.0,False
"Strand, Jack",Jack,Strand,,QB,ATL,jack strand,NFFC,240.88,222,222,1,2026-09-05,234.0,False
"Scott, Boston",Boston,Scott,,RB,PIT,boston scott,NFFC,240.89,223,223,1,2026-09-05,235.0,False
"Kiner, Corey",Corey,Kiner,,RB,NE,corey kiner,NFFC,240.96,235,235,1,2026-09-05,236.0,False
"Chism III, Efton",Efton,Chism,III,WR,NE,efton chism,NFFC,240.96,234,234,1,2026-09-05,236.0,False
"Brown, Camden",Camden,Brown,,WR,DAL,camden brown,NFFC,240.97,236,236,1,2026-09-05,238.0,False
"Hill, Taysom",Taysom,Hill,,TE,NO,taysom hill,NFFC,240.97,236,236,1,2026-09-05,238.0,False
"Dillon, AJ",AJ,Dillon,,RB,CAR,aj dillon,NFFC,240.99,239,239,1,2026-09-05,240.0,False
"Njoku, David",David,Njoku,,TE,LAC,david njoku,NFFC,241.03,181,313,46,2026-09-05,241.0,True
"Higgins, Jayden",Jayden,Higgins,,WR,HOU,jayden higgins,NFFC,241.14,264,264,1,2026-09-05,242.0,False
"Mooney, Darnell",Darnell,Mooney,,WR,NYG,darnell mooney,NFFC,241.21,192,343,64,2026-09-05,243.0,True
"Cooper, Darius",Darius,Cooper,,WR,PHI,darius cooper,NFFC,241.31,291,291,1,2026-09-05,244.0,False
"Thompson, Brenen",Brenen,Thompson,,WR,LAC,brenen thompson,NFFC,241.37,208,347,3,2026-09-05,245.0,False
"Hopkins, DeAndre",DeAndre,Hopkins,,WR,BAL,deandre hopkins,NFFC,241.38,302,302,1,2026-09-05,246.0,False
"Oliver, Josh",Josh,Oliver,,TE,MIN,josh oliver,NFFC,241.44,312,312,1,2026-09-05,247.0,False
"Bateman, Rashod",Rashod,Bateman,,WR,BAL,rashod bateman,NFFC,241.44,185,337,66,2026-09-05,247.0,True
"Rudolph, Mason",Mason,Rudolph,,QB,PIT,mason rudolph,NFFC,241.46,315,315,1,2026-09-05,249.0,False
"Klare, Max",Max,Klare,,TE,LAR,max klare,NFFC,241.46,315,315,1,2026-09-05,249.0,False
"Daniels, CJ",CJ,Daniels,,WR,LAR,cj daniels,NFFC,241.52,326,326,1,2026-09-05,251.0,False
"Shepard, Sterling",Sterling,Shepard,,WR,HOU,sterling shepard,NFFC,241.53,327,327,1,2026-09-05,252.0,False
"Sinnott, Ben",Ben,Sinnott,,TE,WAS,ben sinnott,NFFC,241.56,332,332,1,2026-09-05,253.0,False
"Ali, Rasheen",Rasheen,Ali,,RB,BAL,rasheen ali,NFFC,241.57,333,333,1,2026-09-05,254.0,False
"Mullens, Nick",Nick,Mullens,,QB,JAX,nick mullens,NFFC,241.57,333,333,1,2026-09-05,254.0,False
"Goodson, Tyler",Tyler,Goodson,,RB,ATL,tyler goodson,NFFC,241.59,336,336,1,2026-09-05,256.0,False
"Herbert, Khalil",Khalil,Herbert,,RB,SF,khalil herbert,NFFC,241.59,336,336,1,2026-09-05,256.0,False
"Price, Myles",Myles,Price,,WR,MIN,myles price,NFFC,241.59,337,337,1,2026-09-05,256.0,False
"Rush, Cooper",Cooper,Rush,,QB,ATL,cooper rush,NFFC,241.59,337,337,1,2026-09-05,256.0,False
"Abanikanda, Israel",Israel,Abanikanda,,RB,DAL,israel abanikanda,NFFC,241.62,342,342,1,2026-09-05,260.0,False
"Royals, Jalen",Jalen,Royals,,WR,KC,jalen royals,NFFC,241.63,343,343,1,2026-09-05,261.0,False
"Milroe, Jalen",Jalen,Milroe,,QB,SEA,jalen milroe,NFFC,241.64,344,344,1,2026-09-05,262.0,False
"Tremble, Tommy",Tommy,Tremble,,TE,CAR,tommy tremble,NFFC,241.65,347,347,1,2026-09-05,263.0,False
"Dalton, Andy",Andy,Dalton,,QB,PHI,andy dalton,NFFC,241.65,347,347,1,2026-09-05,263.0,False
"Mumpfield, Konata",Konata,Mumpfield,,WR,LAR,konata mumpfield,NFFC,241.66,348,348,1,2026-09-05,265.0,False
"Tillman, Cedric",Cedric,Tillman,,WR,NO,cedric tillman,NFFC,241.67,349,349,1,2026-09-05,266.0,False
"Love, Daejon",Daejon,Love,,WR,SF,daejon love,NFFC,241.68,351,351,1,2026-09-05,267.0,False
"Watkins, Jordan",Jordan,Watkins,,WR,SF,jordan watkins,NFFC,241.69,353,353,1,2026-09-05,268.0,False
"Dortch, Greg",Greg,Dortch,,WR,BUF,greg dortch,NFFC,241.69,353,353,1,2026-09-05,268.0,False
"Moore, Elijah",Elijah,Moore,,WR,PHI,elijah moore,NFFC,241.7,354,354,1,2026-09-05,270.0,False
"Williams, Savion",Savion,Williams,,WR,GB,savion williams,NFFC,241.71,356,356,1,2026-09-05,271.0,False
"Ekeler, Austin",Austin,Ekeler,,RB,WAS,austin ekeler,NFFC,241.71,356,356,1,2026-09-05,271.0,False
"Trubisky, Mitchell",Mitchell,Trubisky,,QB,TEN,mitchell trubisky,NFFC,241.72,357,357,1,2026-09-05,273.0,False
"Taylor, J'Mari",J'Mari,Taylor,,RB,JAX,jmari taylor,NFFC,241.72,358,358,1,2026-09-05,273.0,False
"Hibner, Matt",Matt,Hibner,,TE,BAL,matt hibner,NFFC,241.73,264,337,2,2026-09-05,275.0,False
"Humphrey, Lil'Jordan",Lil'Jordan,Humphrey,,WR,DEN,liljordan humphrey,NFFC,241.96,288,349,2,2026-09-05,276.0,False
"Milton III, Joe",Joe,Milton,III,QB,DAL,joe milton,NFFC,242.03,305,344,2,2026-09-05,277.0,False
"Metchie III, John",John,Metchie,III,WR,CAR,john metchie,NFFC,242.1,312,349,2,2026-09-05,278.0,False
"Leonard, Riley",Riley,Leonard,,QB,IND,riley leonard,NFFC,242.11,305,357,2,2026-09-05,279.0,False
"Robinson, Demarcus",Demarcus,Robinson,,WR,SF,demarcus robinson,NFFC,242.16,218,346,10,2026-09-05,280.0,False
"Bellinger, Daniel",Daniel,Bellinger,,TE,TEN,daniel bellinger,NFFC,242.28,331,358,2,2026-09-05,281.0,False
"Walker, Jahdae",Jahdae,Walker,,WR,CHI,jahdae walker,NFFC,242.28,340,349,2,2026-09-05,281.0,False
"Bond, Isaiah",Isaiah,Bond,,WR,CLE,isaiah bond,NFFC,242.3,238,358,3,2026-09-05,283.0,False
"Stidham, Jarrett",Jarrett,Stidham,,QB,DEN,jarrett stidham,NFFC,242.31,340,354,2,2026-09-05,284.0,False
"Ewers, Quinn",Quinn,Ewers,,QB,JAX,quinn ewers,NFFC,242.35,343,357,2,2026-09-05,285.0,False
"McCaffrey, Luke",Luke,McCaffrey,,WR,WAS,luke mccaffrey,NFFC,242.36,344,358,2,2026-09-05,286.0,False
"Dobbs, Joshua",Joshua,Dobbs,,QB,DET,joshua dobbs,NFFC,242.36,351,352,2,2026-09-05,286.0,False
"Brown, Barion",Barion,Brown,,WR,NO,barion brown,NFFC,242.39,222,353,4,2026-09-05,288.0,False
"Rivers, Philip",Philip,Rivers,,QB,IND,philip rivers,NFFC,242.39,347,360,2,2026-09-05,288.0,False
"Engram, Evan",Evan,Engram,,TE,DEN,evan engram,NFFC,242.46,180,320,39,2026-09-05,290.0,True
"Sanders, Ja'Tavion",Ja'Tavion,Sanders,,TE,CAR,jatavion sanders,NFFC,242.48,291,359,3,2026-09-05,291.0,False
"Whittington, Jordan",Jordan,Whittington,,WR,LAR,jordan whittington,NFFC,242.59,234,359,5,2026-09-05,292.0,False
"Mafah, Phil",Phil,Mafah,,RB,DAL,phil mafah,NFFC,242.7,204,360,7,2026-09-05,293.0,False
"Felton, Tai",Tai,Felton,,WR,MIN,tai felton,NFFC,242.85,334,349,3,2026-09-05,294.0,False
"Lock, Drew",Drew,Lock,,QB,SEA,drew lock,NFFC,242.94,324,359,3,2026-09-05,295.0,False
"Klubnik, Cade",Cade,Klubnik,,QB,NYJ,cade klubnik,NFFC,243.13,353,358,3,2026-09-05,296.0,False
"Delp, Oscar",Oscar,Delp,,TE,NO,oscar delp,NFFC,243.15,352,360,3,2026-09-05,297.0,False
"Young, Colbie",Colbie,Young,,WR,CIN,colbie young,NFFC,243.23,229,355,6,2026-09-05,298.0,False
"Allen, Kyle",Kyle,Allen,,QB,BUF,kyle allen,NFFC,243.29,322,352,4,2026-09-05,299.0,False
"Howell, Sam",Sam,Howell,,QB,DAL,sam howell,NFFC,243.37,282,356,4,2026-09-05,300.0,False
"Wentz, Carson",Carson,Wentz,,QB,MIN,carson wentz,NFFC,243.48,334,359,4,2026-09-05,301.0,False
"Benson, Malik",Malik,Benson,,WR,LV,malik benson,NFFC,243.51,211,359,6,2026-09-05,302.0,False
"Neal, Devin",Devin,Neal,,RB,NO,devin neal,NFFC,243.65,325,360,4,2026-09-05,303.0,False
"DeVito, Tommy",Tommy,DeVito,,QB,NE,tommy devito,NFFC,243.67,347,351,4,2026-09-05,304.0,False
"Etienne, Trevor",Trevor,Etienne,,RB,CAR,trevor etienne,NFFC,243.74,341,356,4,2026-09-05,305.0,False
"Guerendo, Isaac",Isaac,Guerendo,,RB,SF,isaac guerendo,NFFC,243.81,257,352,6,2026-09-05,306.0,False
"Huntley, Tyler",Tyler,Huntley,,QB,BAL,tyler huntley,NFFC,243.83,270,335,6,2026-09-05,307.0,False
"Tagovailoa, Tua",Tua,Tagovailoa,,QB,ATL,tua tagovailoa,NFFC,243.85,191,359,32,2026-09-05,308.0,True
"Miller, Kendre",Kendre,Miller,,RB,NO,kendre miller,NFFC,243.85,189,350,74,2026-09-05,308.0,True
"Burks, Treylon",Treylon,Burks,,WR,WAS,treylon burks,NFFC,243.88,288,353,5,2026-09-05,310.0,False
"Walker, Devontez",Devontez,Walker,,WR,BAL,devontez walker,NFFC,243.96,312,360,5,2026-09-05,311.0,False
"Rattler, Spencer",Spencer,Rattler,,QB,NO,spencer rattler,NFFC,243.97,320,358,5,2026-09-05,312.0,False
"Knight, Bam",Bam,Knight,,RB,ARI,bam knight,NFFC,243.98,232,360,6,2026-09-05,313.0,False
"Wilson, Roman",Roman,Wilson,,WR,PIT,roman wilson,NFFC,243.99,241,342,7,2026-09-05,314.0,False
"Pickett, Kenny",Kenny,Pickett,,QB,CAR,kenny pickett,NFFC,244.15,334,350,5,2026-09-05,315.0,False
"Turpin, KaVontae",KaVontae,Turpin,,WR,DAL,kavontae turpin,NFFC,244.18,320,356,5,2026-09-05,316.0,False
"Raymond, Kalif",Kalif,Raymond,,WR,CHI,kalif raymond,NFFC,244.2,301,353,6,2026-09-05,317.0,False
"Bernard, Germie",Germie,Bernard,,WR,PIT,germie bernard,NFFC,244.22,185,360,74,2026-09-05,318.0,True
"Mills, Davis",Davis,Mills,,QB,HOU,davis mills,NFFC,244.3,343,355,5,2026-09-05,319.0,False
"McCarthy, J.J.",J.J.,McCarthy,,QB,MIN,jj mccarthy,NFFC,244.43,277,358,6,2026-09-05,320.0,False
"Taylor, Tyrod",Tyrod,Taylor,,QB,GB,tyrod taylor,NFFC,244.56,275,358,6,2026-09-05,321.0,False
"Wilson, Emanuel",Emanuel,Wilson,,RB,SEA,emanuel wilson,NFFC,244.97,139,349,46,2026-09-05,322.0,True
"Brazzell II, Chris",Chris,Brazzell,II,WR,CAR,chris brazzell,NFFC,245.01,341,356,6,2026-09-05,323.0,False
"Palmer, Joshua",Joshua,Palmer,,WR,BUF,joshua palmer,NFFC,245.47,292,356,8,2026-09-05,324.0,False
"Lance, Trey",Trey,Lance,,QB,LAC,trey lance,NFFC,245.48,333,357,7,2026-09-05,325.0,False
"Minshew II, Gardner",Gardner,Minshew,II,QB,ARI,gardner minshew,NFFC,245.62,330,359,7,2026-09-05,326.0,False
"Ertz, Zach",Zach,Ertz,,TE,WAS,zach ertz,NFFC,245.64,289,359,8,2026-09-05,327.0,False
"Watson, Deshaun",Deshaun,Watson,,QB,CLE,deshaun watson,NFFC,245.81,184,322,33,2026-09-05,328.0,True
"All Jr., Erick",Erick,All,JR,TE,CIN,erick all,NFFC,245.86,232,351,10,2026-09-05,329.0,False
"Heidenreich, Eli",Eli,Heidenreich,,RB,PIT,eli heidenreich,NFFC,245.87,201,356,11,2026-09-05,330.0,False
"Bennett IV, Stetson",Stetson,Bennett,IV,QB,LAR,stetson bennett,NFFC,245.93,309,360,8,2026-09-05,331.0,False
"Smith, Jonnu",Jonnu,Smith,,TE,GB,jonnu smith,NFFC,245.95,294,360,9,2026-09-05,332.0,False
"Estime, Audric",Audric,Estime,,RB,NO,audric estime,NFFC,246.1,231,358,12,2026-09-05,333.0,False
"Richardson Sr., Anthony",Anthony,Richardson,SR,QB,IND,anthony richardson,NFFC,246.19,241,360,10,2026-09-05,334.0,False
"Raridon, Eli",Eli,Raridon,,TE,NE,eli raridon,NFFC,246.35,208,347,15,2026-09-05,335.0,True
"Conner, James",James,Conner,,RB,ARI,james conner,NFFC,246.47,179,352,47,2026-09-05,336.0,True
"Shipley, Will",Will,Shipley,,RB,PHI,will shipley,NFFC,246.48,307,358,9,2026-09-05,337.0,False
"Sanders, Shedeur",Shedeur,Sanders,,QB,CLE,shedeur sanders,NFFC,246.6,182,340,31,2026-09-05,338.0,True
"Demercado, Emari",Emari,Demercado,,RB,DAL,emari demercado,NFFC,246.73,184,358,54,2026-09-05,339.0,True
"Vaki, Sione",Sione,Vaki,,RB,DET,sione vaki,NFFC,246.74,182,360,18,2026-09-05,340.0,True
"Mariota, Marcus",Marcus,Mariota,,QB,WAS,marcus mariota,NFFC,246.93,286,354,10,2026-09-05,341.0,False
"Benson, Trey",Trey,Benson,,RB,ARI,trey benson,NFFC,247.08,218,354,15,2026-09-05,342.0,True
"Johnson, Tez",Tez,Johnson,,WR,TB,tez johnson,NFFC,247.48,227,359,13,2026-09-05,343.0,False
"Higbee, Tyler",Tyler,Higbee,,TE,LAR,tyler higbee,NFFC,247.72,307,357,11,2026-09-05,344.0,False
"Mims Jr., Marvin",Marvin,Mims,JR,WR,DEN,marvin mims,NFFC,247.76,323,357,11,2026-09-05,345.0,False
"Kolar, Charlie",Charlie,Kolar,,TE,LAC,charlie kolar,NFFC,247.88,180,359,21,2026-09-05,346.0,True
"Thomas, Zavion",Zavion,Thomas,,WR,CHI,zavion thomas,NFFC,248.05,190,360,27,2026-09-05,347.0,True
"Bagent, Tyson",Tyson,Bagent,,QB,CHI,tyson bagent,NFFC,248.15,324,359,11,2026-09-05,348.0,False
"Brooks, Tahj",Tahj,Brooks,,RB,CIN,tahj brooks,NFFC,248.2,212,348,19,2026-09-05,349.0,True
"Aiyuk, Brandon",Brandon,Aiyuk,,WR,SF,brandon aiyuk,NFFC,248.25,196,355,20,2026-09-05,350.0,True
"Douglas, DeMario",DeMario,Douglas,,WR,NE,demario douglas,NFFC,248.38,175,338,55,2026-09-05,351.0,True
"Gesicki, Mike",Mike,Gesicki,,TE,CIN,mike gesicki,NFFC,248.88,204,348,33,2026-09-05,352.0,True
"Beckham Jr., Odell",Odell,Beckham,JR,WR,NYG,odell beckham,NFFC,249.01,185,355,27,2026-09-05,353.0,True
"Taylor, Mason",Mason,Taylor,,TE,NYJ,mason taylor,NFFC,249.06,200,347,37,2026-09-05,354.0,True
"Bech, Jack",Jack,Bech,,WR,LV,jack bech,NFFC,249.35,205,352,45,2026-09-05,355.0,True
"Dotson, Jahan",Jahan,Dotson,,WR,ATL,jahan dotson,NFFC,249.6,181,359,50,2026-09-05,356.0,True
"Atwell, Tutu",Tutu,Atwell,,WR,LAR,tutu atwell,NFFC,249.94,186,358,21,2026-09-05,357.0,True
"Thornton, Tyquan",Tyquan,Thornton,,WR,KC,tyquan thornton,NFFC,249.95,198,355,39,2026-09-05,358.0,True
"Gray, Noah",Noah,Gray,,TE,KC,noah gray,NFFC,250.31,299,359,16,2026-09-05,359.0,True
"Mayer, Michael",Michael,Mayer,,TE,LV,michael mayer,NFFC,250.33,208,339,36,2026-09-05,360.0,True
"Flacco, Joe",Joe,Flacco,,QB,CIN,joe flacco,NFFC,250.4,239,351,20,2026-09-05,361.0,True
"Zaccheaus, Olamide",Olamide,Zaccheaus,,WR,ATL,olamide zaccheaus,NFFC,250.41,328,359,14,2026-09-05,362.0,False
"Randall, Adam",Adam,Randall,,RB,BAL,adam randall,NFFC,250.42,198,360,32,2026-09-05,363.0,True
"Hill, Tyreek",Tyreek,Hill,,WR,MIA,tyreek hill,NFFC,250.62,202,356,34,2026-09-05,364.0,True
"Kirk, Christian",Christian,Kirk,,WR,SF,christian kirk,NFFC,250.67,197,360,35,2026-09-05,365.0,True
"Lance, Bryce",Bryce,Lance,,WR,NO,bryce lance,NFFC,250.69,193,358,41,2026-09-05,366.0,True
"Brown, Hollywood",Hollywood,Brown,,WR,PHI,hollywood brown,NFFC,250.78,200,359,33,2026-09-05,367.0,True
"Bourne, Kendrick",Kendrick,Bourne,,WR,ARI,kendrick bourne,NFFC,250.9,296,360,17,2026-09-05,368.0,True
"Allen Jr., LeQuint",LeQuint,Allen,JR,RB,JAX,lequint allen,NFFC,251.25,213,347,42,2026-09-05,369.0,True
"Stowers, Eli",Eli,Stowers,,TE,PHI,eli stowers,NFFC,251.31,225,360,24,2026-09-05,370.0,True
"Johnson, Roschon",Roschon,Johnson,,RB,CHI,roschon johnson,NFFC,251.35,198,359,52,2026-09-05,371.0,True
"Tolbert, Jalen",Jalen,Tolbert,,WR,MIA,jalen tolbert,NFFC,251.4,191,356,33,2026-09-05,372.0,True
"Williams, Kyle",Kyle,Williams,,WR,NE,kyle williams,NFFC,251.49,201,357,41,2026-09-05,373.0,True
"Gordon II, Ollie",Ollie,Gordon,II,RB,MIA,ollie gordon,NFFC,251.56,193,360,36,2026-09-05,374.0,True
"Bell, Skyler",Skyler,Bell,,WR,BUF,skyler bell,NFFC,251.57,189,359,50,2026-09-05,375.0,True
"Waller, Darren",Darren,Waller,,TE,CAR,darren waller,NFFC,251.65,177,358,39,2026-09-05,376.0,True
"Slayton, Darius",Darius,Slayton,,WR,NYG,darius slayton,NFFC,251.75,188,350,31,2026-09-05,377.0,True
"Arroyo, Elijah",Elijah,Arroyo,,TE,SEA,elijah arroyo,NFFC,251.97,177,353,27,2026-09-05,378.0,True
"Sarratt, Elijah",Elijah,Sarratt,,WR,BAL,elijah sarratt,NFFC,251.98,216,360,22,2026-09-05,379.0,True
"Beck, Carson",Carson,Beck,,QB,ARI,carson beck,NFFC,252.05,251,357,25,2026-09-05,380.0,True
"Dike, Chimere",Chimere,Dike,,WR,TEN,chimere dike,NFFC,252.07,255,351,26,2026-09-05,381.0,True
"Ayomanor, Elic",Elic,Ayomanor,,WR,TEN,elic ayomanor,NFFC,252.07,209,357,27,2026-09-05,381.0,True
"Hutchinson, Xavier",Xavier,Hutchinson,,WR,HOU,xavier hutchinson,NFFC,252.09,209,356,26,2026-09-05,383.0,True
"Smith, Brashard",Brashard,Smith,,RB,KC,brashard smith,NFFC,252.18,201,360,26,2026-09-05,384.0,True
"Hunt, Kareem",Kareem,Hunt,,RB,KC,kareem hunt,NFFC,252.19,181,359,35,2026-09-05,385.0,True
"Giddens, DJ",DJ,Giddens,,RB,IND,dj giddens,NFFC,252.47,164,360,36,2026-09-05,386.0,True
"Johnson, Ty",Ty,Johnson,,RB,BUF,ty johnson,NFFC,252.47,212,357,28,2026-09-05,386.0,True
"Davis, Isaiah",Isaiah,Davis,,RB,NYJ,isaiah davis,NFFC,252.49,199,354,33,2026-09-05,388.0,True
"Singletary, Devin",Devin,Singletary,,RB,NYG,devin singletary,NFFC,253.04,226,352,28,2026-09-05,389.0,True
"Knox, Dawson",Dawson,Knox,,TE,BUF,dawson knox,NFFC,253.06,187,354,29,2026-09-05,390.0,True
"Fields, Justin",Justin,Fields,,QB,KC,justin fields,NFFC,253.13,268,359,21,2026-09-05,391.0,True
"Simpson, Ty",Ty,Simpson,,QB,LAR,ty simpson,NFFC,253.33,283,360,20,2026-09-05,392.0,True
"Iosivas, Andrei",Andrei,Iosivas,,WR,CIN,andrei iosivas,NFFC,253.48,206,356,34,2026-09-05,393.0,True
"Johnson, Theo",Theo,Johnson,,TE,NYG,theo johnson,NFFC,253.9,272,353,25,2026-09-05,394.0,True
"Horton, Tory",Tory,Horton,,WR,SEA,tory horton,NFFC,253.99,221,360,32,2026-09-05,395.0,True
"Jones, Mac",Mac,Jones,,QB,SF,mac jones,NFFC,254.07,218,360,28,2026-09-05,396.0,True
"Kmet, Cole",Cole,Kmet,,TE,CHI,cole kmet,NFFC,254.15,247,352,28,2026-09-05,397.0,True
"Washington, Darnell",Darnell,Washington,,TE,PIT,darnell washington,NFFC,254.4,256,355,27,2026-09-05,398.0,True
"Hollins, Mack",Mack,Hollins,,WR,NE,mack hollins,NFFC,254.85,303,359,23,2026-09-05,399.0,True
"Winston, Jameis",Jameis,Winston,,QB,NYG,jameis winston,NFFC,255.1,313,360,25,2026-09-05,400.0,True
"Legette, Xavier",Xavier,Legette,,WR,CAR,xavier legette,NFFC,255.36,232,356,27,2026-09-05,401.0,True
