team,ol_pff_rank,ol_pff_tier,ol_clay_grade,ol_clay_rank,ol_blend_score,ol_blend_rank,ol_blend_tier,ol_source_gap_pff_minus_clay,pff_source,clay_source,blend_method
DEN,1,1,8,1.0,1.0,1,1,0.0,PFF (user-supplied digest),"Mike Clay / ESPN OL unit grade, 2026-08-13",50/50 mean of PFF rank and Clay grade-rank (ties averaged)
PHI,2,1,7,5.0,3.5,2,1,-3.0,PFF (user-supplied digest),"Mike Clay / ESPN OL unit grade, 2026-08-13",50/50 mean of PFF rank and Clay grade-rank (ties averaged)
TB,3,1,7,5.0,4.0,3,1,-2.0,PFF (user-supplied digest),"Mike Clay / ESPN OL unit grade, 2026-08-13",50/50 mean of PFF rank and Clay grade-rank (ties averaged)
CHI,5,1,7,5.0,5.0,4,1,0.0,PFF (user-supplied digest),"Mike Clay / ESPN OL unit grade, 2026-08-13",50/50 mean of PFF rank and Clay grade-rank (ties averaged)
BUF,6,1,7,5.0,5.5,5,1,1.0,PFF (user-supplied digest),"Mike Clay / ESPN OL unit grade, 2026-08-13",50/50 mean of PFF rank and Clay grade-rank (ties averaged)
LAC,7,1,7,5.0,6.0,6,1,2.0,PFF (user-supplied digest),"Mike Clay / ESPN OL unit grade, 2026-08-13",50/50 mean of PFF rank and Clay grade-rank (ties averaged)
SF,10,2,7,5.0,7.5,7,1,5.0,PFF (user-supplied digest),"Mike Clay / ESPN OL unit grade, 2026-08-13",50/50 mean of PFF rank and Clay grade-rank (ties averaged)
LAR,11,2,7,5.0,8.0,8,1,6.0,PFF (user-supplied digest),"Mike Clay / ESPN OL unit grade, 2026-08-13",50/50 mean of PFF rank and Clay grade-rank (ties averaged)
IND,4,1,6,17.0,10.5,9,2,-13.0,PFF (user-supplied digest),"Mike Clay / ESPN OL unit grade, 2026-08-13",50/50 mean of PFF rank and Clay grade-rank (ties averaged)
KC,8,1,6,17.0,12.5,10,2,-9.0,PFF (user-supplied digest),"Mike Clay / ESPN OL unit grade, 2026-08-13",50/50 mean of PFF rank and Clay grade-rank (ties averaged)
ATL,9,2,6,17.0,13.0,11,2,-8.0,PFF (user-supplied digest),"Mike Clay / ESPN OL unit grade, 2026-08-13",50/50 mean of PFF rank and Clay grade-rank (ties averaged)
MIN,12,2,6,17.0,14.5,12,2,-5.0,PFF (user-supplied digest),"Mike Clay / ESPN OL unit grade, 2026-08-13",50/50 mean of PFF rank and Clay grade-rank (ties averaged)
NE,13,2,6,17.0,15.0,13,2,-4.0,PFF (user-supplied digest),"Mike Clay / ESPN OL unit grade, 2026-08-13",50/50 mean of PFF rank and Clay grade-rank (ties averaged)
SEA,15,2,6,17.0,16.0,14,2,-2.0,PFF (user-supplied digest),"Mike Clay / ESPN OL unit grade, 2026-08-13",50/50 mean of PFF rank and Clay grade-rank (ties averaged)
NO,16,2,6,17.0,16.5,15,2,-1.0,PFF (user-supplied digest),"Mike Clay / ESPN OL unit grade, 2026-08-13",50/50 mean of PFF rank and Clay grade-rank (ties averaged)
DAL,17,3,6,17.0,17.0,16,2,0.0,PFF (user-supplied digest),"Mike Clay / ESPN OL unit grade, 2026-08-13",50/50 mean of PFF rank and Clay grade-rank (ties averaged)
LV,18,3,6,17.0,17.5,17,3,1.0,PFF (user-supplied digest),"Mike Clay / ESPN OL unit grade, 2026-08-13",50/50 mean of PFF rank and Clay grade-rank (ties averaged)
DET,19,3,6,17.0,18.0,18,3,2.0,PFF (user-supplied digest),"Mike Clay / ESPN OL unit grade, 2026-08-13",50/50 mean of PFF rank and Clay grade-rank (ties averaged)
NYJ,21,3,6,17.0,19.0,19,3,4.0,PFF (user-supplied digest),"Mike Clay / ESPN OL unit grade, 2026-08-13",50/50 mean of PFF rank and Clay grade-rank (ties averaged)
ARZ,22,3,6,17.0,19.5,20,3,5.0,PFF (user-supplied digest),"Mike Clay / ESPN OL unit grade, 2026-08-13",50/50 mean of PFF rank and Clay grade-rank (ties averaged)
NYG,23,3,6,17.0,20.0,21,3,6.0,PFF (user-supplied digest),"Mike Clay / ESPN OL unit grade, 2026-08-13",50/50 mean of PFF rank and Clay grade-rank (ties averaged)
BLT,24,3,6,17.0,20.5,22,3,7.0,PFF (user-supplied digest),"Mike Clay / ESPN OL unit grade, 2026-08-13",50/50 mean of PFF rank and Clay grade-rank (ties averaged)
PIT,14,2,5,29.0,21.5,23,3,-15.0,PFF (user-supplied digest),"Mike Clay / ESPN OL unit grade, 2026-08-13",50/50 mean of PFF rank and Clay grade-rank (ties averaged)
CAR,26,4,6,17.0,21.5,23,3,9.0,PFF (user-supplied digest),"Mike Clay / ESPN OL unit grade, 2026-08-13",50/50 mean of PFF rank and Clay grade-rank (ties averaged)
GB,28,4,6,17.0,22.5,25,4,11.0,PFF (user-supplied digest),"Mike Clay / ESPN OL unit grade, 2026-08-13",50/50 mean of PFF rank and Clay grade-rank (ties averaged)
JAX,30,4,6,17.0,23.5,26,4,13.0,PFF (user-supplied digest),"Mike Clay / ESPN OL unit grade, 2026-08-13",50/50 mean of PFF rank and Clay grade-rank (ties averaged)
CIN,20,3,5,29.0,24.5,27,4,-9.0,PFF (user-supplied digest),"Mike Clay / ESPN OL unit grade, 2026-08-13",50/50 mean of PFF rank and Clay grade-rank (ties averaged)
MIA,25,4,5,29.0,27.0,28,4,-4.0,PFF (user-supplied digest),"Mike Clay / ESPN OL unit grade, 2026-08-13",50/50 mean of PFF rank and Clay grade-rank (ties averaged)
HST,27,4,5,29.0,28.0,29,4,-2.0,PFF (user-supplied digest),"Mike Clay / ESPN OL unit grade, 2026-08-13",50/50 mean of PFF rank and Clay grade-rank (ties averaged)
TEN,29,4,5,29.0,29.0,30,4,0.0,PFF (user-supplied digest),"Mike Clay / ESPN OL unit grade, 2026-08-13",50/50 mean of PFF rank and Clay grade-rank (ties averaged)
CLV,31,4,5,29.0,30.0,31,4,2.0,PFF (user-supplied digest),"Mike Clay / ESPN OL unit grade, 2026-08-13",50/50 mean of PFF rank and Clay grade-rank (ties averaged)
WAS,32,4,5,29.0,30.5,32,4,3.0,PFF (user-supplied digest),"Mike Clay / ESPN OL unit grade, 2026-08-13",50/50 mean of PFF rank and Clay grade-rank (ties averaged)
