season,league,draft_id,rounds,username,manager,current_member,round,pick_in_round,overall,player,pos,nfl_team
2022,main,851584287596732416,17,josekhgreen,Joseph,Y,1,1,1,J. Taylor,RB,IND
2022,main,851584287596732416,17,clappinyou,Dylan,Y,1,2,2,C. McCaffrey,RB,CAR
2022,main,851584287596732416,17,RyanAnderson25,Ryan,Y,1,3,3,A. Ekeler,RB,LAC
2022,main,851584287596732416,17,jrocka33,,N,1,4,4,D. Cook,RB,MIN
2022,main,851584287596732416,17,Harryschultz,,N,1,5,5,D. Henry,RB,TEN
2022,main,851584287596732416,17,nathanawright24,Nathan,Y,1,6,6,J. Jefferson,WR,MIN
2022,main,851584287596732416,17,hunterslosser,,N,1,7,7,A. Kamara,RB,NO
2022,main,851584287596732416,17,brianthebuck15,,N,1,8,8,C. Kupp,WR,LAR
2022,main,851584287596732416,17,BigBallsKaiden,Kaiden,Y,1,9,9,J. Chase,WR,CIN
2022,main,851584287596732416,17,levibrad,,N,1,10,10,J. Mixon,RB,CIN
2022,main,851584287596732416,17,gregdani612,Greg,Y,1,11,11,D. Swift,RB,DET
2022,main,851584287596732416,17,npd312,Nick,Y,1,12,12,N. Harris,RB,PIT
2022,main,851584287596732416,17,npd312,Nick,Y,2,1,13,T. Kelce,TE,KC
2022,main,851584287596732416,17,gregdani612,Greg,Y,2,2,14,S. Diggs,WR,BUF
2022,main,851584287596732416,17,levibrad,,N,2,3,15,S. Barkley,RB,NYG
2022,main,851584287596732416,17,BigBallsKaiden,Kaiden,Y,2,4,16,D. Adams,WR,LV
2022,main,851584287596732416,17,brianthebuck15,,N,2,5,17,R. Wilson,QB,DEN
2022,main,851584287596732416,17,hunterslosser,,N,2,6,18,A. Jones,RB,GB
2022,main,851584287596732416,17,nathanawright24,Nathan,Y,2,7,19,J. Williams,RB,DEN
2022,main,851584287596732416,17,Harryschultz,,N,2,8,20,T. Hill,WR,MIA
2022,main,851584287596732416,17,jrocka33,,N,2,9,21,M. Andrews,TE,BAL
2022,main,851584287596732416,17,RyanAnderson25,Ryan,Y,2,10,22,N. Chubb,RB,CLE
2022,main,851584287596732416,17,clappinyou,Dylan,Y,2,11,23,D. Samuel,WR,SF
2022,main,851584287596732416,17,josekhgreen,Joseph,Y,2,12,24,C. Lamb,WR,DAL
2022,main,851584287596732416,17,josekhgreen,Joseph,Y,3,1,25,K. Pitts,TE,ATL
2022,main,851584287596732416,17,clappinyou,Dylan,Y,3,2,26,L. Fournette,RB,TB
2022,main,851584287596732416,17,RyanAnderson25,Ryan,Y,3,3,27,M. Pittman,WR,IND
2022,main,851584287596732416,17,jrocka33,,N,3,4,28,M. Evans,WR,TB
2022,main,851584287596732416,17,Harryschultz,,N,3,5,29,E. Elliott,RB,DAL
2022,main,851584287596732416,17,nathanawright24,Nathan,Y,3,6,30,T. Etienne,RB,JAX
2022,main,851584287596732416,17,hunterslosser,,N,3,7,31,J. Conner,RB,ARI
2022,main,851584287596732416,17,brianthebuck15,,N,3,8,32,D. Johnson,WR,PIT
2022,main,851584287596732416,17,BigBallsKaiden,Kaiden,Y,3,9,33,C. Akers,RB,LAR
2022,main,851584287596732416,17,levibrad,,N,3,10,34,K. Allen,WR,LAC
2022,main,851584287596732416,17,gregdani612,Greg,Y,3,11,35,T. Higgins,WR,CIN
2022,main,851584287596732416,17,npd312,Nick,Y,3,12,36,D. Montgomery,RB,CHI
2022,main,851584287596732416,17,npd312,Nick,Y,4,1,37,B. Hall,RB,NYJ
2022,main,851584287596732416,17,gregdani612,Greg,Y,4,2,38,J. Allen,QB,BUF
2022,main,851584287596732416,17,levibrad,,N,4,3,39,A. Brown,WR,PHI
2022,main,851584287596732416,17,BigBallsKaiden,Kaiden,Y,4,4,40,T. McLaurin,WR,WAS
2022,main,851584287596732416,17,brianthebuck15,,N,4,5,41,T. Bass,K,BUF
2022,main,851584287596732416,17,hunterslosser,,N,4,6,42,D. Moore,WR,CAR
2022,main,851584287596732416,17,nathanawright24,Nathan,Y,4,7,43,J. Herbert,QB,LAC
2022,main,851584287596732416,17,Harryschultz,,N,4,8,44,D. Metcalf,WR,SEA
2022,main,851584287596732416,17,jrocka33,,N,4,9,45,P. Mahomes,QB,KC
2022,main,851584287596732416,17,RyanAnderson25,Ryan,Y,4,10,46,C. Sutton,WR,DEN
2022,main,851584287596732416,17,clappinyou,Dylan,Y,4,11,47,G. Kittle,TE,SF
2022,main,851584287596732416,17,josekhgreen,Joseph,Y,4,12,48,M. Williams,WR,LAC
2022,main,851584287596732416,17,josekhgreen,Joseph,Y,5,1,49,J. Dobbins,RB,BAL
2022,main,851584287596732416,17,clappinyou,Dylan,Y,5,2,50,J. Burrow,QB,CIN
2022,main,851584287596732416,17,RyanAnderson25,Ryan,Y,5,3,51,D. Schultz,TE,DAL
2022,main,851584287596732416,17,jrocka33,,N,5,4,52,J. Jacobs,RB,LV
2022,main,851584287596732416,17,Harryschultz,,N,5,5,53,L. Jackson,QB,BAL
2022,main,851584287596732416,17,nathanawright24,Nathan,Y,5,6,54,J. Jeudy,WR,DEN
2022,main,851584287596732416,17,hunterslosser,,N,5,7,55,A. Robinson,WR,LAR
2022,main,851584287596732416,17,brianthebuck15,,N,5,8,56,S. 49ers,DEF,SF
2022,main,851584287596732416,17,BigBallsKaiden,Kaiden,Y,5,9,57,D. Waller,TE,LV
2022,main,851584287596732416,17,levibrad,,N,5,10,58,A. Gibson,RB,WAS
2022,main,851584287596732416,17,gregdani612,Greg,Y,5,11,59,M. Brown,WR,ARI
2022,main,851584287596732416,17,npd312,Nick,Y,5,12,60,J. Waddle,WR,MIA
2022,main,851584287596732416,17,npd312,Nick,Y,6,1,61,K. Murray,QB,ARI
2022,main,851584287596732416,17,gregdani612,Greg,Y,6,2,62,J. Hurts,QB,PHI
2022,main,851584287596732416,17,levibrad,,N,6,3,63,J. Smith-Schuster,WR,KC
2022,main,851584287596732416,17,BigBallsKaiden,Kaiden,Y,6,4,64,T. Brady,QB,TB
2022,main,851584287596732416,17,brianthebuck15,,N,6,5,65,M. Stafford,QB,LAR
2022,main,851584287596732416,17,hunterslosser,,N,6,6,66,B. Cooks,WR,HOU
2022,main,851584287596732416,17,nathanawright24,Nathan,Y,6,7,67,C. Godwin,WR,TB
2022,main,851584287596732416,17,Harryschultz,,N,6,8,68,M. Thomas,WR,NO
2022,main,851584287596732416,17,jrocka33,,N,6,9,69,E. Mitchell,RB,SF
2022,main,851584287596732416,17,RyanAnderson25,Ryan,Y,6,10,70,A. Dillon,RB,GB
2022,main,851584287596732416,17,clappinyou,Dylan,Y,6,11,71,A. Thielen,WR,MIN
2022,main,851584287596732416,17,josekhgreen,Joseph,Y,6,12,72,D. Mooney,WR,CHI
2022,main,851584287596732416,17,josekhgreen,Joseph,Y,7,1,73,R. Bateman,WR,BAL
2022,main,851584287596732416,17,clappinyou,Dylan,Y,7,2,74,C. Edwards-Helaire,RB,KC
2022,main,851584287596732416,17,RyanAnderson25,Ryan,Y,7,3,75,A. St. Brown,WR,DET
2022,main,851584287596732416,17,jrocka33,,N,7,4,76,A. Cooper,WR,CLE
2022,main,851584287596732416,17,Harryschultz,,N,7,5,77,M. Sanders,RB,PHI
2022,main,851584287596732416,17,nathanawright24,Nathan,Y,7,6,78,D. London,WR,ATL
2022,main,851584287596732416,17,hunterslosser,,N,7,7,79,A. Lazard,WR,GB
2022,main,851584287596732416,17,brianthebuck15,,N,7,8,80,K. Cousins,QB,MIN
2022,main,851584287596732416,17,BigBallsKaiden,Kaiden,Y,7,9,81,D. Harris,RB,NE
2022,main,851584287596732416,17,levibrad,,N,7,10,82,T. Hockenson,TE,DET
2022,main,851584287596732416,17,gregdani612,Greg,Y,7,11,83,D. Goedert,TE,PHI
2022,main,851584287596732416,17,npd312,Nick,Y,7,12,84,E. Moore,WR,NYJ
2022,main,851584287596732416,17,npd312,Nick,Y,8,1,85,D. Hopkins,WR,ARI
2022,main,851584287596732416,17,gregdani612,Greg,Y,8,2,86,K. Hunt,RB,CLE
2022,main,851584287596732416,17,levibrad,,N,8,3,87,D. Prescott,QB,DAL
2022,main,851584287596732416,17,BigBallsKaiden,Kaiden,Y,8,4,88,D. Smith,WR,PHI
2022,main,851584287596732416,17,brianthebuck15,,N,8,5,89,G. Davis,WR,BUF
2022,main,851584287596732416,17,hunterslosser,,N,8,6,90,C. Edmonds,RB,MIA
2022,main,851584287596732416,17,nathanawright24,Nathan,Y,8,7,91,Z. Ertz,TE,ARI
2022,main,851584287596732416,17,Harryschultz,,N,8,8,92,H. Renfrow,WR,LV
2022,main,851584287596732416,17,jrocka33,,N,8,9,93,T. Lockett,WR,SEA
2022,main,851584287596732416,17,RyanAnderson25,Ryan,Y,8,10,94,C. Kirk,WR,JAX
2022,main,851584287596732416,17,clappinyou,Dylan,Y,8,11,95,A. Rodgers,QB,GB
2022,main,851584287596732416,17,josekhgreen,Joseph,Y,8,12,96,D. Pierce,RB,HOU
2022,main,851584287596732416,17,josekhgreen,Joseph,Y,9,1,97,C. Patterson,RB,ATL
2022,main,851584287596732416,17,clappinyou,Dylan,Y,9,2,98,R. Woods,WR,TEN
2022,main,851584287596732416,17,RyanAnderson25,Ryan,Y,9,3,99,D. Carr,QB,LV
2022,main,851584287596732416,17,jrocka33,,N,9,4,100,D. Knox,TE,BUF
2022,main,851584287596732416,17,Harryschultz,,N,9,5,101,P. Freiermuth,TE,PIT
2022,main,851584287596732416,17,nathanawright24,Nathan,Y,9,6,102,R. Stevenson,RB,NE
2022,main,851584287596732416,17,hunterslosser,,N,9,7,103,T. Lance,QB,SF
2022,main,851584287596732416,17,brianthebuck15,,N,9,8,104,T. Pollard,RB,DAL
2022,main,851584287596732416,17,BigBallsKaiden,Kaiden,Y,9,9,105,G. Pickens,WR,PIT
2022,main,851584287596732416,17,levibrad,,N,9,10,106,B. Aiyuk,WR,SF
2022,main,851584287596732416,17,gregdani612,Greg,Y,9,11,107,K. Walker,RB,SEA
2022,main,851584287596732416,17,npd312,Nick,Y,9,12,108,M. Carter,RB,NYJ
2022,main,851584287596732416,17,npd312,Nick,Y,10,1,109,C. Olave,WR,NO
2022,main,851584287596732416,17,gregdani612,Greg,Y,10,2,110,R. Penny,RB,SEA
2022,main,851584287596732416,17,levibrad,,N,10,3,111,A. Mattison,RB,MIN
2022,main,851584287596732416,17,BigBallsKaiden,Kaiden,Y,10,4,112,K. Toney,WR,NYG
2022,main,851584287596732416,17,brianthebuck15,,N,10,5,113,D. Singletary,RB,BUF
2022,main,851584287596732416,17,hunterslosser,,N,10,6,114,C. Kmet,TE,CHI
2022,main,851584287596732416,17,nathanawright24,Nathan,Y,10,7,115,T. Burks,WR,TEN
2022,main,851584287596732416,17,Harryschultz,,N,10,8,116,D. Njoku,TE,CLE
2022,main,851584287596732416,17,jrocka33,,N,10,9,117,B. Bills,DEF,BUF
2022,main,851584287596732416,17,RyanAnderson25,Ryan,Y,10,10,118,D. Henderson,RB,LAR
2022,main,851584287596732416,17,clappinyou,Dylan,Y,10,11,119,L. Rams,DEF,LAR
2022,main,851584287596732416,17,josekhgreen,Joseph,Y,10,12,120,G. Wilson,WR,NYJ
2022,main,851584287596732416,17,josekhgreen,Joseph,Y,11,1,121,S. Moore,WR,KC
2022,main,851584287596732416,17,clappinyou,Dylan,Y,11,2,122,T. Boyd,WR,CIN
2022,main,851584287596732416,17,RyanAnderson25,Ryan,Y,11,3,123,M. Gordon,RB,DEN
2022,main,851584287596732416,17,jrocka33,,N,11,4,124,J. Fields,QB,CHI
2022,main,851584287596732416,17,Harryschultz,,N,11,5,125,J. Jones,WR,TB
2022,main,851584287596732416,17,nathanawright24,Nathan,Y,11,6,126,K. Gainwell,RB,PHI
2022,main,851584287596732416,17,hunterslosser,,N,11,7,127,N. Hines,RB,IND
2022,main,851584287596732416,17,brianthebuck15,,N,11,8,128,J. Cook,RB,BUF
2022,main,851584287596732416,17,BigBallsKaiden,Kaiden,Y,11,9,129,J. Robinson,RB,JAX
2022,main,851584287596732416,17,levibrad,,N,11,10,130,M. Gesicki,TE,MIA
2022,main,851584287596732416,17,gregdani612,Greg,Y,11,11,131,C. Claypool,WR,PIT
2022,main,851584287596732416,17,npd312,Nick,Y,11,12,132,K. Herbert,RB,CHI
2022,main,851584287596732416,17,npd312,Nick,Y,12,1,133,R. Moore,WR,ARI
2022,main,851584287596732416,17,gregdani612,Greg,Y,12,2,134,T. Allgeier,RB,ATL
2022,main,851584287596732416,17,levibrad,,N,12,3,135,T. Buccaneers,DEF,TB
2022,main,851584287596732416,17,BigBallsKaiden,Kaiden,Y,12,4,136,N. Saints,DEF,NO
2022,main,851584287596732416,17,brianthebuck15,,N,12,5,137,A. Okwuegbunam,TE,DEN
2022,main,851584287596732416,17,hunterslosser,,N,12,6,138,M. Ingram,RB,NO
2022,main,851584287596732416,17,nathanawright24,Nathan,Y,12,7,139,I. Colts,DEF,IND
2022,main,851584287596732416,17,Harryschultz,,N,12,8,140,C. Hubbard,RB,CAR
2022,main,851584287596732416,17,jrocka33,,N,12,9,141,J. Landry,WR,NO
2022,main,851584287596732416,17,RyanAnderson25,Ryan,Y,12,10,142,E. McPherson,K,CIN
2022,main,851584287596732416,17,clappinyou,Dylan,Y,12,11,143,J. Tucker,K,BAL
2022,main,851584287596732416,17,josekhgreen,Joseph,Y,12,12,144,D. Carlson,K,LV
2022,main,851584287596732416,17,josekhgreen,Joseph,Y,13,1,145,J. Dotson,WR,WAS
2022,main,851584287596732416,17,clappinyou,Dylan,Y,13,2,146,H. Henry,TE,NE
2022,main,851584287596732416,17,RyanAnderson25,Ryan,Y,13,3,147,L. Chargers,DEF,LAC
2022,main,851584287596732416,17,jrocka33,,N,13,4,148,M. Prater,K,ARI
2022,main,851584287596732416,17,Harryschultz,,N,13,5,149,T. Higbee,TE,LAR
2022,main,851584287596732416,17,nathanawright24,Nathan,Y,13,6,150,I. Smith,TE,MIN
2022,main,851584287596732416,17,hunterslosser,,N,13,7,151,R. Tonyan,TE,GB
2022,main,851584287596732416,17,brianthebuck15,,N,13,8,152,M. Valdes-Scantling,WR,KC
2022,main,851584287596732416,17,BigBallsKaiden,Kaiden,Y,13,9,153,A. Hooper,TE,TEN
2022,main,851584287596732416,17,levibrad,,N,13,10,154,M. Gallup,WR,DAL
2022,main,851584287596732416,17,gregdani612,Greg,Y,13,11,155,B. Ravens,DEF,BAL
2022,main,851584287596732416,17,npd312,Nick,Y,13,12,156,H. Butker,K,KC
2022,main,851584287596732416,17,npd312,Nick,Y,14,1,157,D. Broncos,DEF,DEN
2022,main,851584287596732416,17,gregdani612,Greg,Y,14,2,158,M. Gay,K,LAR
2022,main,851584287596732416,17,levibrad,,N,14,3,159,R. Mostert,RB,MIA
2022,main,851584287596732416,17,BigBallsKaiden,Kaiden,Y,14,4,160,B. McManus,K,DEN
2022,main,851584287596732416,17,brianthebuck15,,N,14,5,161,R. Doubs,WR,GB
2022,main,851584287596732416,17,hunterslosser,,N,14,6,162,J. Winston,QB,NO
2022,main,851584287596732416,17,nathanawright24,Nathan,Y,14,7,163,I. McKenzie,WR,BUF
2022,main,851584287596732416,17,Harryschultz,,N,14,8,164,T. Tagovailoa,QB,MIA
2022,main,851584287596732416,17,jrocka33,,N,14,9,165,D. Parker,WR,NE
2022,main,851584287596732416,17,RyanAnderson25,Ryan,Y,14,10,166,R. White,RB,TB
2022,main,851584287596732416,17,clappinyou,Dylan,Y,14,11,167,K. Golladay,WR,NYG
2022,main,851584287596732416,17,josekhgreen,Joseph,Y,14,12,168,J. McKissic,RB,WAS
2022,main,851584287596732416,17,josekhgreen,Joseph,Y,15,1,169,D. Chark,WR,DET
2022,main,851584287596732416,17,clappinyou,Dylan,Y,15,2,170,I. Spiller,RB,LAC
2022,main,851584287596732416,17,RyanAnderson25,Ryan,Y,15,3,171,J. Tolbert,WR,DAL
2022,main,851584287596732416,17,jrocka33,,N,15,4,172,G. Packers,DEF,GB
2022,main,851584287596732416,17,Harryschultz,,N,15,5,173,D. Cowboys,DEF,DAL
2022,main,851584287596732416,17,nathanawright24,Nathan,Y,15,6,174,K. Hamler,WR,DEN
2022,main,851584287596732416,17,hunterslosser,,N,15,7,175,J. Meyers,WR,NE
2022,main,851584287596732416,17,brianthebuck15,,N,15,8,176,R. Gage,WR,TB
2022,main,851584287596732416,17,BigBallsKaiden,Kaiden,Y,15,9,177,J. Williams,RB,DET
2022,main,851584287596732416,17,levibrad,,N,15,10,178,I. Pacheco,RB,KC
2022,main,851584287596732416,17,gregdani612,Greg,Y,15,11,179,T. Lawrence,QB,JAX
2022,main,851584287596732416,17,npd312,Nick,Y,15,12,180,M. Jones,QB,NE
2022,main,851584287596732416,17,npd312,Nick,Y,16,1,181,J. Williams,WR,DET
2022,main,851584287596732416,17,gregdani612,Greg,Y,16,2,182,Z. White,RB,LV
2022,main,851584287596732416,17,levibrad,,N,16,3,183,Y. Koo,K,ATL
2022,main,851584287596732416,17,BigBallsKaiden,Kaiden,Y,16,4,184,M. Ryan,QB,IND
2022,main,851584287596732416,17,brianthebuck15,,N,16,5,185,R. Jones,RB,KC
2022,main,851584287596732416,17,hunterslosser,,N,16,6,186,P. Steelers,DEF,PIT
2022,main,851584287596732416,17,nathanawright24,Nathan,Y,16,7,187,D. Bell,WR,CLE
2022,main,851584287596732416,17,Harryschultz,,N,16,8,188,R. Blankenship,K,IND
2022,main,851584287596732416,17,jrocka33,,N,16,9,189,W. Robinson,WR,NYG
2022,main,851584287596732416,17,RyanAnderson25,Ryan,Y,16,10,190,M. Hardman,WR,KC
2022,main,851584287596732416,17,clappinyou,Dylan,Y,16,11,191,A. Green,WR,ARI
2022,main,851584287596732416,17,josekhgreen,Joseph,Y,16,12,192,C. Watson,WR,GB
2022,main,851584287596732416,17,josekhgreen,Joseph,Y,17,1,193,A. Pierce,WR,IND
2022,main,851584287596732416,17,clappinyou,Dylan,Y,17,2,194,K. Rudolph,TE,TB
2022,main,851584287596732416,17,RyanAnderson25,Ryan,Y,17,3,195,S. Watkins,WR,GB
2022,main,851584287596732416,17,jrocka33,,N,17,4,196,S. Shepard,WR,NYG
2022,main,851584287596732416,17,Harryschultz,,N,17,5,197,N. Patriots,DEF,NE
2022,main,851584287596732416,17,nathanawright24,Nathan,Y,17,6,198,R. Succop,K,TB
2022,main,851584287596732416,17,hunterslosser,,N,17,7,199,N. Folk,K,NE
2022,main,851584287596732416,17,brianthebuck15,,N,17,8,200,N. Fant,TE,SEA
2022,main,851584287596732416,17,BigBallsKaiden,Kaiden,Y,17,9,201,R. Anderson,WR,CAR
2022,main,851584287596732416,17,levibrad,,N,17,10,202,O. Beckham,WR,FA
2022,main,851584287596732416,17,gregdani612,Greg,Y,17,11,203,G. Everett,TE,LAC
2022,main,851584287596732416,17,npd312,Nick,Y,17,12,204,E. Engram,TE,JAX
2023,main,916453503533510657,17,Harryschultz,,N,1,1,1,C. McCaffrey,RB,SF
2023,main,916453503533510657,17,brianthebuck15,,N,1,2,2,J. Jefferson,WR,MIN
2023,main,916453503533510657,17,hunterslosser,,N,1,3,3,J. Chase,WR,CIN
2023,main,916453503533510657,17,nathanawright24,Nathan,Y,1,4,4,T. Hill,WR,MIA
2023,main,916453503533510657,17,jrocka33,,N,1,5,5,A. Ekeler,RB,LAC
2023,main,916453503533510657,17,clappinyou,Dylan,Y,1,6,6,C. Kupp,WR,LAR
2023,main,916453503533510657,17,RyanAnderson25,Ryan,Y,1,7,7,S. Barkley,RB,NYG
2023,main,916453503533510657,17,BigBallsKaiden,Kaiden,Y,1,8,8,T. Kelce,TE,KC
2023,main,916453503533510657,17,levibrad,,N,1,9,9,B. Robinson,RB,ATL
2023,main,916453503533510657,17,gregdani612,Greg,Y,1,10,10,S. Diggs,WR,BUF
2023,main,916453503533510657,17,npd312,Nick,Y,1,11,11,C. Lamb,WR,DAL
2023,main,916453503533510657,17,josekhgreen,Joseph,Y,1,12,12,N. Chubb,RB,CLE
2023,main,916453503533510657,17,josekhgreen,Joseph,Y,2,1,13,D. Adams,WR,LV
2023,main,916453503533510657,17,npd312,Nick,Y,2,2,14,A. Brown,WR,PHI
2023,main,916453503533510657,17,gregdani612,Greg,Y,2,3,15,D. Henry,RB,TEN
2023,main,916453503533510657,17,levibrad,,N,2,4,16,A. St. Brown,WR,DET
2023,main,916453503533510657,17,BigBallsKaiden,Kaiden,Y,2,5,17,T. Pollard,RB,DAL
2023,main,916453503533510657,17,RyanAnderson25,Ryan,Y,2,6,18,G. Wilson,WR,NYJ
2023,main,916453503533510657,17,clappinyou,Dylan,Y,2,7,19,J. Jacobs,RB,LV
2023,main,916453503533510657,17,jrocka33,,N,2,8,20,P. Mahomes,QB,KC
2023,main,916453503533510657,17,nathanawright24,Nathan,Y,2,9,21,J. Gibbs,RB,DET
2023,main,916453503533510657,17,hunterslosser,,N,2,10,22,J. Waddle,WR,MIA
2023,main,916453503533510657,17,brianthebuck15,,N,2,11,23,C. Olave,WR,NO
2023,main,916453503533510657,17,Harryschultz,,N,2,12,24,D. Smith,WR,PHI
2023,main,916453503533510657,17,Harryschultz,,N,3,1,25,J. Hurts,QB,PHI
2023,main,916453503533510657,17,brianthebuck15,,N,3,2,26,N. Harris,RB,PIT
2023,main,916453503533510657,17,hunterslosser,,N,3,3,27,M. Andrews,TE,BAL
2023,main,916453503533510657,17,nathanawright24,Nathan,Y,3,4,28,C. Ridley,WR,JAX
2023,main,916453503533510657,17,jrocka33,,N,3,5,29,T. Higgins,WR,CIN
2023,main,916453503533510657,17,clappinyou,Dylan,Y,3,6,30,D. Samuel,WR,SF
2023,main,916453503533510657,17,RyanAnderson25,Ryan,Y,3,7,31,D. Metcalf,WR,SEA
2023,main,916453503533510657,17,BigBallsKaiden,Kaiden,Y,3,8,32,T. Etienne,RB,JAX
2023,main,916453503533510657,17,levibrad,,N,3,9,33,R. Stevenson,RB,NE
2023,main,916453503533510657,17,gregdani612,Greg,Y,3,10,34,J. Allen,QB,BUF
2023,main,916453503533510657,17,npd312,Nick,Y,3,11,35,B. Hall,RB,NYJ
2023,main,916453503533510657,17,josekhgreen,Joseph,Y,3,12,36,J. Mixon,RB,CIN
2023,main,916453503533510657,17,josekhgreen,Joseph,Y,4,1,37,K. Allen,WR,LAC
2023,main,916453503533510657,17,npd312,Nick,Y,4,2,38,J. Fields,QB,CHI
2023,main,916453503533510657,17,gregdani612,Greg,Y,4,3,39,A. Cooper,WR,CLE
2023,main,916453503533510657,17,levibrad,,N,4,4,40,D. Moore,WR,CHI
2023,main,916453503533510657,17,BigBallsKaiden,Kaiden,Y,4,5,41,K. Walker,RB,SEA
2023,main,916453503533510657,17,RyanAnderson25,Ryan,Y,4,6,42,A. Jones,RB,GB
2023,main,916453503533510657,17,clappinyou,Dylan,Y,4,7,43,G. Kittle,TE,SF
2023,main,916453503533510657,17,jrocka33,,N,4,8,44,D. Waller,TE,NYG
2023,main,916453503533510657,17,nathanawright24,Nathan,Y,4,9,45,T. Hockenson,TE,MIN
2023,main,916453503533510657,17,hunterslosser,,N,4,10,46,L. Jackson,QB,BAL
2023,main,916453503533510657,17,brianthebuck15,,N,4,11,47,M. Sanders,RB,CAR
2023,main,916453503533510657,17,Harryschultz,,N,4,12,48,D. Hopkins,WR,TEN
2023,main,916453503533510657,17,Harryschultz,,N,5,1,49,D. Pierce,RB,HOU
2023,main,916453503533510657,17,brianthebuck15,,N,5,2,50,D. Goedert,TE,PHI
2023,main,916453503533510657,17,hunterslosser,,N,5,3,51,A. Mattison,RB,MIN
2023,main,916453503533510657,17,nathanawright24,Nathan,Y,5,4,52,J. Burrow,QB,CIN
2023,main,916453503533510657,17,jrocka33,,N,5,5,53,J. Dobbins,RB,BAL
2023,main,916453503533510657,17,clappinyou,Dylan,Y,5,6,54,J. Herbert,QB,LAC
2023,main,916453503533510657,17,RyanAnderson25,Ryan,Y,5,7,55,D. Swift,RB,PHI
2023,main,916453503533510657,17,BigBallsKaiden,Kaiden,Y,5,8,56,T. McLaurin,WR,WAS
2023,main,916453503533510657,17,levibrad,,N,5,9,57,D. London,WR,ATL
2023,main,916453503533510657,17,gregdani612,Greg,Y,5,10,58,C. Watson,WR,GB
2023,main,916453503533510657,17,npd312,Nick,Y,5,11,59,K. Pitts,TE,ATL
2023,main,916453503533510657,17,josekhgreen,Joseph,Y,5,12,60,B. Aiyuk,WR,SF
2023,main,916453503533510657,17,josekhgreen,Joseph,Y,6,1,61,C. Godwin,WR,TB
2023,main,916453503533510657,17,npd312,Nick,Y,6,2,62,A. Kamara,RB,NO
2023,main,916453503533510657,17,gregdani612,Greg,Y,6,3,63,M. Pittman,WR,IND
2023,main,916453503533510657,17,levibrad,,N,6,4,64,D. Cook,RB,NYJ
2023,main,916453503533510657,17,BigBallsKaiden,Kaiden,Y,6,5,65,T. Lawrence,QB,JAX
2023,main,916453503533510657,17,RyanAnderson25,Ryan,Y,6,6,66,G. Pickens,WR,PIT
2023,main,916453503533510657,17,clappinyou,Dylan,Y,6,7,67,R. Mostert,RB,MIA
2023,main,916453503533510657,17,jrocka33,,N,6,8,68,E. Engram,TE,JAX
2023,main,916453503533510657,17,nathanawright24,Nathan,Y,6,9,69,D. Johnson,WR,PIT
2023,main,916453503533510657,17,hunterslosser,,N,6,10,70,J. Conner,RB,ARI
2023,main,916453503533510657,17,brianthebuck15,,N,6,11,71,D. Watson,QB,CLE
2023,main,916453503533510657,17,Harryschultz,,N,6,12,72,C. Akers,RB,LAR
2023,main,916453503533510657,17,Harryschultz,,N,7,1,73,M. Williams,WR,LAC
2023,main,916453503533510657,17,brianthebuck15,,N,7,2,74,C. Kirk,WR,JAX
2023,main,916453503533510657,17,hunterslosser,,N,7,3,75,M. Brown,WR,ARI
2023,main,916453503533510657,17,nathanawright24,Nathan,Y,7,4,76,J. Jeudy,WR,DEN
2023,main,916453503533510657,17,jrocka33,,N,7,5,77,T. Lockett,WR,SEA
2023,main,916453503533510657,17,clappinyou,Dylan,Y,7,6,78,M. Evans,WR,TB
2023,main,916453503533510657,17,RyanAnderson25,Ryan,Y,7,7,79,D. Prescott,QB,DAL
2023,main,916453503533510657,17,BigBallsKaiden,Kaiden,Y,7,8,80,J. Smith-Njigba,WR,SEA
2023,main,916453503533510657,17,levibrad,,N,7,9,81,I. Pacheco,RB,KC
2023,main,916453503533510657,17,gregdani612,Greg,Y,7,10,82,J. Williams,RB,DEN
2023,main,916453503533510657,17,npd312,Nick,Y,7,11,83,J. Dotson,WR,WAS
2023,main,916453503533510657,17,josekhgreen,Joseph,Y,7,12,84,P. Freiermuth,TE,PIT
2023,main,916453503533510657,17,josekhgreen,Joseph,Y,8,1,85,J. Addison,WR,MIN
2023,main,916453503533510657,17,npd312,Nick,Y,8,2,86,J. Taylor,RB,IND
2023,main,916453503533510657,17,gregdani612,Greg,Y,8,3,87,J. Cook,RB,BUF
2023,main,916453503533510657,17,levibrad,,N,8,4,88,D. Njoku,TE,CLE
2023,main,916453503533510657,17,BigBallsKaiden,Kaiden,Y,8,5,89,Z. Flowers,WR,BAL
2023,main,916453503533510657,17,RyanAnderson25,Ryan,Y,8,6,90,D. Kincaid,TE,BUF
2023,main,916453503533510657,17,clappinyou,Dylan,Y,8,7,91,G. Davis,WR,BUF
2023,main,916453503533510657,17,jrocka33,,N,8,8,92,B. Cooks,WR,DAL
2023,main,916453503533510657,17,nathanawright24,Nathan,Y,8,9,93,A. Gibson,RB,WAS
2023,main,916453503533510657,17,hunterslosser,,N,8,10,94,R. White,RB,TB
2023,main,916453503533510657,17,brianthebuck15,,N,8,11,95,D. Montgomery,RB,DET
2023,main,916453503533510657,17,Harryschultz,,N,8,12,96,D. Schultz,TE,HOU
2023,main,916453503533510657,17,Harryschultz,,N,9,1,97,K. Toney,WR,KC
2023,main,916453503533510657,17,brianthebuck15,,N,9,2,98,A. Dillon,RB,GB
2023,main,916453503533510657,17,hunterslosser,,N,9,3,99,K. Herbert,RB,CHI
2023,main,916453503533510657,17,nathanawright24,Nathan,Y,9,4,100,J. Williams,RB,NO
2023,main,916453503533510657,17,jrocka33,,N,9,5,101,S. 49ers,DEF,SF
2023,main,916453503533510657,17,clappinyou,Dylan,Y,9,6,102,B. Robinson,RB,WAS
2023,main,916453503533510657,17,RyanAnderson25,Ryan,Y,9,7,103,M. Thomas,WR,NO
2023,main,916453503533510657,17,BigBallsKaiden,Kaiden,Y,9,8,104,J. Tucker,K,BAL
2023,main,916453503533510657,17,levibrad,,N,9,9,105,T. Burks,WR,TEN
2023,main,916453503533510657,17,gregdani612,Greg,Y,9,10,106,Q. Johnston,WR,LAC
2023,main,916453503533510657,17,npd312,Nick,Y,9,11,107,Z. Charbonnet,RB,SEA
2023,main,916453503533510657,17,josekhgreen,Joseph,Y,9,12,108,A. Richardson,QB,IND
2023,main,916453503533510657,17,josekhgreen,Joseph,Y,10,1,109,A. Rodgers,QB,NYJ
2023,main,916453503533510657,17,npd312,Nick,Y,10,2,110,C. Kmet,TE,CHI
2023,main,916453503533510657,17,gregdani612,Greg,Y,10,3,111,K. Cousins,QB,MIN
2023,main,916453503533510657,17,levibrad,,N,10,4,112,G. Smith,QB,SEA
2023,main,916453503533510657,17,BigBallsKaiden,Kaiden,Y,10,5,113,T. Higbee,TE,LAR
2023,main,916453503533510657,17,RyanAnderson25,Ryan,Y,10,6,114,C. Sutton,WR,DEN
2023,main,916453503533510657,17,clappinyou,Dylan,Y,10,7,115,T. Boyd,WR,CIN
2023,main,916453503533510657,17,jrocka33,,N,10,8,116,J. Smith-Schuster,WR,NE
2023,main,916453503533510657,17,nathanawright24,Nathan,Y,10,9,117,D. Achane,RB,MIA
2023,main,916453503533510657,17,hunterslosser,,N,10,10,118,S. Moore,WR,KC
2023,main,916453503533510657,17,brianthebuck15,,N,10,11,119,G. Dulcich,TE,DEN
2023,main,916453503533510657,17,Harryschultz,,N,10,12,120,E. Elliott,RB,NE
2023,main,916453503533510657,17,Harryschultz,,N,11,1,121,D. Knox,TE,BUF
2023,main,916453503533510657,17,brianthebuck15,,N,11,2,122,T. Tagovailoa,QB,MIA
2023,main,916453503533510657,17,hunterslosser,,N,11,3,123,O. Beckham,WR,BAL
2023,main,916453503533510657,17,nathanawright24,Nathan,Y,11,4,124,E. Moore,WR,CLE
2023,main,916453503533510657,17,jrocka33,,N,11,5,125,A. Thielen,WR,CAR
2023,main,916453503533510657,17,clappinyou,Dylan,Y,11,6,126,J. Johnson,TE,NO
2023,main,916453503533510657,17,RyanAnderson25,Ryan,Y,11,7,127,R. Penny,RB,PHI
2023,main,916453503533510657,17,BigBallsKaiden,Kaiden,Y,11,8,128,A. Lazard,WR,NYJ
2023,main,916453503533510657,17,levibrad,,N,11,9,129,S. Perine,RB,DEN
2023,main,916453503533510657,17,gregdani612,Greg,Y,11,10,130,E. McPherson,K,CIN
2023,main,916453503533510657,17,npd312,Nick,Y,11,11,131,T. Allgeier,RB,ATL
2023,main,916453503533510657,17,josekhgreen,Joseph,Y,11,12,132,D. Carlson,K,LV
2023,main,916453503533510657,17,josekhgreen,Joseph,Y,12,1,133,T. Bigsby,RB,JAX
2023,main,916453503533510657,17,npd312,Nick,Y,12,2,134,D. Mooney,WR,CHI
2023,main,916453503533510657,17,gregdani612,Greg,Y,12,3,135,J. McKinnon,RB,KC
2023,main,916453503533510657,17,levibrad,,N,12,4,136,H. Butker,K,KC
2023,main,916453503533510657,17,BigBallsKaiden,Kaiden,Y,12,5,137,M. Mims,WR,DEN
2023,main,916453503533510657,17,RyanAnderson25,Ryan,Y,12,6,138,E. Mitchell,RB,SF
2023,main,916453503533510657,17,clappinyou,Dylan,Y,12,7,139,K. Pickett,QB,PIT
2023,main,916453503533510657,17,jrocka33,,N,12,8,140,D. Harris,RB,BUF
2023,main,916453503533510657,17,nathanawright24,Nathan,Y,12,9,141,C. Okonkwo,TE,TEN
2023,main,916453503533510657,17,hunterslosser,,N,12,10,142,J. Warren,RB,PIT
2023,main,916453503533510657,17,brianthebuck15,,N,12,11,143,T. Bass,K,BUF
2023,main,916453503533510657,17,Harryschultz,,N,12,12,144,D. Jones,QB,NYG
2023,main,916453503533510657,17,Harryschultz,,N,13,1,145,J. Williams,WR,DET
2023,main,916453503533510657,17,brianthebuck15,,N,13,2,146,R. Doubs,WR,GB
2023,main,916453503533510657,17,hunterslosser,,N,13,3,147,S. LaPorta,TE,DET
2023,main,916453503533510657,17,nathanawright24,Nathan,Y,13,4,148,J. Goff,QB,DET
2023,main,916453503533510657,17,jrocka33,,N,13,5,149,J. Hyatt,WR,NYG
2023,main,916453503533510657,17,clappinyou,Dylan,Y,13,6,150,K. Osborn,WR,MIN
2023,main,916453503533510657,17,RyanAnderson25,Ryan,Y,13,7,151,R. Bateman,WR,BAL
2023,main,916453503533510657,17,BigBallsKaiden,Kaiden,Y,13,8,152,B. Purdy,QB,SF
2023,main,916453503533510657,17,levibrad,,N,13,9,153,R. Rice,WR,KC
2023,main,916453503533510657,17,gregdani612,Greg,Y,13,10,154,J. Meyers,WR,LV
2023,main,916453503533510657,17,npd312,Nick,Y,13,11,155,R. Wilson,QB,DEN
2023,main,916453503533510657,17,josekhgreen,Joseph,Y,13,12,156,J. Mingo,WR,CAR
2023,main,916453503533510657,17,josekhgreen,Joseph,Y,14,1,157,D. Vaughn,RB,DAL
2023,main,916453503533510657,17,npd312,Nick,Y,14,2,158,R. Johnson,RB,CHI
2023,main,916453503533510657,17,gregdani612,Greg,Y,14,3,159,G. Everett,TE,LAC
2023,main,916453503533510657,17,levibrad,,N,14,4,160,D. Singletary,RB,HOU
2023,main,916453503533510657,17,BigBallsKaiden,Kaiden,Y,14,5,161,D. Foreman,RB,CHI
2023,main,916453503533510657,17,RyanAnderson25,Ryan,Y,14,6,162,T. Dell,WR,HOU
2023,main,916453503533510657,17,clappinyou,Dylan,Y,14,7,163,C. Hubbard,RB,CAR
2023,main,916453503533510657,17,jrocka33,,N,14,8,164,Z. Jones,WR,JAX
2023,main,916453503533510657,17,nathanawright24,Nathan,Y,14,9,165,K. Hunt,RB,FA
2023,main,916453503533510657,17,hunterslosser,,N,14,10,166,N. Collins,WR,HOU
2023,main,916453503533510657,17,brianthebuck15,,N,14,11,167,P. Eagles,DEF,PHI
2023,main,916453503533510657,17,Harryschultz,,N,14,12,168,Y. Koo,K,ATL
2023,main,916453503533510657,17,Harryschultz,,N,15,1,169,R. Moore,WR,ARI
2023,main,916453503533510657,17,brianthebuck15,,N,15,2,170,V. Jefferson,WR,LAR
2023,main,916453503533510657,17,hunterslosser,,N,15,3,171,D. Jackson,RB,IND
2023,main,916453503533510657,17,nathanawright24,Nathan,Y,15,4,172,K. Miller,RB,NO
2023,main,916453503533510657,17,jrocka33,,N,15,5,173,G. Gano,K,NYG
2023,main,916453503533510657,17,clappinyou,Dylan,Y,15,6,174,P. Steelers,DEF,PIT
2023,main,916453503533510657,17,RyanAnderson25,Ryan,Y,15,7,175,N. Jets,DEF,NYJ
2023,main,916453503533510657,17,BigBallsKaiden,Kaiden,Y,15,8,176,D. Broncos,DEF,DEN
2023,main,916453503533510657,17,levibrad,,N,15,9,177,J. Love,QB,GB
2023,main,916453503533510657,17,gregdani612,Greg,Y,15,10,178,K. Gainwell,RB,PHI
2023,main,916453503533510657,17,npd312,Nick,Y,15,11,179,J. Reed,WR,GB
2023,main,916453503533510657,17,josekhgreen,Joseph,Y,15,12,180,N. Patriots,DEF,NE
2023,main,916453503533510657,17,josekhgreen,Joseph,Y,16,1,181,M. Mayer,TE,LV
2023,main,916453503533510657,17,npd312,Nick,Y,16,2,182,J. Elliott,K,PHI
2023,main,916453503533510657,17,gregdani612,Greg,Y,16,3,183,L. Musgrave,TE,GB
2023,main,916453503533510657,17,levibrad,,N,16,4,184,M. Gallup,WR,DAL
2023,main,916453503533510657,17,BigBallsKaiden,Kaiden,Y,16,5,185,J. Ross,WR,KC
2023,main,916453503533510657,17,RyanAnderson25,Ryan,Y,16,6,186,J. Sanders,K,MIA
2023,main,916453503533510657,17,clappinyou,Dylan,Y,16,7,187,J. Myers,K,SEA
2023,main,916453503533510657,17,jrocka33,,N,16,8,188,T. Spears,RB,TEN
2023,main,916453503533510657,17,nathanawright24,Nathan,Y,16,9,189,K. Murray,QB,ARI
2023,main,916453503533510657,17,hunterslosser,,N,16,10,190,W. Commanders,DEF,WAS
2023,main,916453503533510657,17,brianthebuck15,,N,16,11,191,C. Edwards-Helaire,RB,KC
2023,main,916453503533510657,17,Harryschultz,,N,16,12,192,H. Renfrow,WR,LV
2023,main,916453503533510657,17,Harryschultz,,N,17,1,193,Z. Ertz,TE,ARI
2023,main,916453503533510657,17,brianthebuck15,,N,17,2,194,D. Chark,WR,CAR
2023,main,916453503533510657,17,hunterslosser,,N,17,3,195,B. McManus,K,JAX
2023,main,916453503533510657,17,nathanawright24,Nathan,Y,17,4,196,C. Dicker,K,LAC
2023,main,916453503533510657,17,jrocka33,,N,17,5,197,B. Young,QB,CAR
2023,main,916453503533510657,17,clappinyou,Dylan,Y,17,6,198,H. Hurst,TE,CAR
2023,main,916453503533510657,17,RyanAnderson25,Ryan,Y,17,7,199,I. Smith,TE,CIN
2023,main,916453503533510657,17,BigBallsKaiden,Kaiden,Y,17,8,200,C. Brown,RB,CIN
2023,main,916453503533510657,17,levibrad,,N,17,9,201,S. Seahawks,DEF,SEA
2023,main,916453503533510657,17,gregdani612,Greg,Y,17,10,202,M. Dolphins,DEF,MIA
2023,main,916453503533510657,17,npd312,Nick,Y,17,11,203,E. Hull,RB,IND
2023,main,916453503533510657,17,josekhgreen,Joseph,Y,17,12,204,A. Pierce,WR,IND
2024,main,1048309365154910209,16,Cailenmh,Cailen,Y,1,1,1,C. McCaffrey,RB,SF
2024,main,1048309365154910209,16,Team 3,,N,1,2,2,T. Hill,WR,MIA
2024,main,1048309365154910209,16,clappinyou,Dylan,Y,1,3,3,B. Robinson,RB,ATL
2024,main,1048309365154910209,16,Team 7,,N,1,4,4,C. Lamb,WR,DAL
2024,main,1048309365154910209,16,BigBallsKaiden,Kaiden,Y,1,5,5,J. Chase,WR,CIN
2024,main,1048309365154910209,16,gregdani612,Greg,Y,1,6,6,A. St. Brown,WR,DET
2024,main,1048309365154910209,16,npd312,Nick,Y,1,7,7,B. Hall,RB,NYJ
2024,main,1048309365154910209,16,RyanAnderson25,Ryan,Y,1,8,8,A. Brown,WR,PHI
2024,main,1048309365154910209,16,nathanawright24,Nathan,Y,1,9,9,J. Jefferson,WR,MIN
2024,main,1048309365154910209,16,josekhgreen,Joseph,Y,1,10,10,G. Wilson,WR,NYJ
2024,main,1048309365154910209,16,brianthebuck15,,N,1,11,11,T. Etienne,RB,JAX
2024,main,1048309365154910209,16,Team 8,,N,1,12,12,J. Gibbs,RB,DET
2024,main,1048309365154910209,16,Team 8,,N,2,1,13,J. Taylor,RB,IND
2024,main,1048309365154910209,16,brianthebuck15,,N,2,2,14,J. Jacobs,RB,GB
2024,main,1048309365154910209,16,josekhgreen,Joseph,Y,2,3,15,S. Barkley,RB,PHI
2024,main,1048309365154910209,16,nathanawright24,Nathan,Y,2,4,16,K. Williams,RB,LAR
2024,main,1048309365154910209,16,RyanAnderson25,Ryan,Y,2,5,17,M. Harrison,WR,ARI
2024,main,1048309365154910209,16,npd312,Nick,Y,2,6,18,P. Nacua,WR,LAR
2024,main,1048309365154910209,16,gregdani612,Greg,Y,2,7,19,D. London,WR,ATL
2024,main,1048309365154910209,16,BigBallsKaiden,Kaiden,Y,2,8,20,D. Henry,RB,BAL
2024,main,1048309365154910209,16,Team 7,,N,2,9,21,D. Adams,WR,LV
2024,main,1048309365154910209,16,clappinyou,Dylan,Y,2,10,22,J. Conner,RB,ARI
2024,main,1048309365154910209,16,Team 3,,N,2,11,23,D. Achane,RB,MIA
2024,main,1048309365154910209,16,Cailenmh,Cailen,Y,2,12,24,C. Olave,WR,NO
2024,main,1048309365154910209,16,Cailenmh,Cailen,Y,3,1,25,B. Aiyuk,WR,SF
2024,main,1048309365154910209,16,Team 3,,N,3,2,26,M. Evans,WR,TB
2024,main,1048309365154910209,16,clappinyou,Dylan,Y,3,3,27,C. Kupp,WR,LAR
2024,main,1048309365154910209,16,Team 7,,N,3,4,28,J. Allen,QB,BUF
2024,main,1048309365154910209,16,BigBallsKaiden,Kaiden,Y,3,5,29,J. Cook,RB,BUF
2024,main,1048309365154910209,16,gregdani612,Greg,Y,3,6,30,T. Kelce,TE,KC
2024,main,1048309365154910209,16,npd312,Nick,Y,3,7,31,S. LaPorta,TE,DET
2024,main,1048309365154910209,16,RyanAnderson25,Ryan,Y,3,8,32,R. White,RB,TB
2024,main,1048309365154910209,16,nathanawright24,Nathan,Y,3,9,33,I. Pacheco,RB,KC
2024,main,1048309365154910209,16,josekhgreen,Joseph,Y,3,10,34,N. Collins,WR,HOU
2024,main,1048309365154910209,16,brianthebuck15,,N,3,11,35,J. Waddle,WR,MIA
2024,main,1048309365154910209,16,Team 8,,N,3,12,36,S. Diggs,WR,HOU
2024,main,1048309365154910209,16,Team 8,,N,4,1,37,M. Pittman,WR,IND
2024,main,1048309365154910209,16,brianthebuck15,,N,4,2,38,P. Mahomes,QB,KC
2024,main,1048309365154910209,16,josekhgreen,Joseph,Y,4,3,39,D. Samuel,WR,SF
2024,main,1048309365154910209,16,nathanawright24,Nathan,Y,4,4,40,D. Kincaid,TE,BUF
2024,main,1048309365154910209,16,RyanAnderson25,Ryan,Y,4,5,41,J. Mixon,RB,HOU
2024,main,1048309365154910209,16,npd312,Nick,Y,4,6,42,L. Jackson,QB,BAL
2024,main,1048309365154910209,16,gregdani612,Greg,Y,4,7,43,J. Hurts,QB,PHI
2024,main,1048309365154910209,16,BigBallsKaiden,Kaiden,Y,4,8,44,D. Metcalf,WR,SEA
2024,main,1048309365154910209,16,Team 7,,N,4,9,45,D. Moore,WR,CHI
2024,main,1048309365154910209,16,clappinyou,Dylan,Y,4,10,46,A. Kamara,RB,NO
2024,main,1048309365154910209,16,Team 3,,N,4,11,47,T. McBride,TE,ARI
2024,main,1048309365154910209,16,Cailenmh,Cailen,Y,4,12,48,M. Andrews,TE,BAL
2024,main,1048309365154910209,16,Cailenmh,Cailen,Y,5,1,49,C. Stroud,QB,HOU
2024,main,1048309365154910209,16,Team 3,,N,5,2,50,D. Smith,WR,PHI
2024,main,1048309365154910209,16,clappinyou,Dylan,Y,5,3,51,R. Rice,WR,KC
2024,main,1048309365154910209,16,Team 7,,N,5,4,52,M. Nabers,WR,NYG
2024,main,1048309365154910209,16,BigBallsKaiden,Kaiden,Y,5,5,53,G. Kittle,TE,SF
2024,main,1048309365154910209,16,gregdani612,Greg,Y,5,6,54,K. Walker,RB,SEA
2024,main,1048309365154910209,16,npd312,Nick,Y,5,7,55,A. Cooper,WR,CLE
2024,main,1048309365154910209,16,RyanAnderson25,Ryan,Y,5,8,56,E. Engram,TE,JAX
2024,main,1048309365154910209,16,nathanawright24,Nathan,Y,5,9,57,Z. Flowers,WR,BAL
2024,main,1048309365154910209,16,josekhgreen,Joseph,Y,5,10,58,A. Richardson,QB,IND
2024,main,1048309365154910209,16,brianthebuck15,,N,5,11,59,T. Dell,WR,HOU
2024,main,1048309365154910209,16,Team 8,,N,5,12,60,K. Pitts,TE,ATL
2024,main,1048309365154910209,16,Team 8,,N,6,1,61,T. Higgins,WR,CIN
2024,main,1048309365154910209,16,brianthebuck15,,N,6,2,62,B. Bowers,TE,LV
2024,main,1048309365154910209,16,josekhgreen,Joseph,Y,6,3,63,A. Jones,RB,MIN
2024,main,1048309365154910209,16,nathanawright24,Nathan,Y,6,4,64,T. McLaurin,WR,WAS
2024,main,1048309365154910209,16,RyanAnderson25,Ryan,Y,6,5,65,D. Swift,RB,CHI
2024,main,1048309365154910209,16,npd312,Nick,Y,6,6,66,C. Kirk,WR,JAX
2024,main,1048309365154910209,16,gregdani612,Greg,Y,6,7,67,K. Allen,WR,CHI
2024,main,1048309365154910209,16,BigBallsKaiden,Kaiden,Y,6,8,68,J. Burrow,QB,CIN
2024,main,1048309365154910209,16,Team 7,,N,6,9,69,G. Pickens,WR,PIT
2024,main,1048309365154910209,16,clappinyou,Dylan,Y,6,10,70,D. Njoku,TE,CLE
2024,main,1048309365154910209,16,Team 3,,N,6,11,71,D. Montgomery,RB,DET
2024,main,1048309365154910209,16,Cailenmh,Cailen,Y,6,12,72,R. Odunze,WR,CHI
2024,main,1048309365154910209,16,Cailenmh,Cailen,Y,7,1,73,T. Pollard,RB,TEN
2024,main,1048309365154910209,16,Team 3,,N,7,2,74,C. Ridley,WR,TEN
2024,main,1048309365154910209,16,clappinyou,Dylan,Y,7,3,75,C. Godwin,WR,TB
2024,main,1048309365154910209,16,Team 7,,N,7,4,76,J. Reed,WR,GB
2024,main,1048309365154910209,16,BigBallsKaiden,Kaiden,Y,7,5,77,R. Stevenson,RB,NE
2024,main,1048309365154910209,16,gregdani612,Greg,Y,7,6,78,X. Worthy,WR,KC
2024,main,1048309365154910209,16,npd312,Nick,Y,7,7,79,J. Williams,RB,DEN
2024,main,1048309365154910209,16,RyanAnderson25,Ryan,Y,7,8,80,K. Murray,QB,ARI
2024,main,1048309365154910209,16,nathanawright24,Nathan,Y,7,9,81,K. Coleman,WR,BUF
2024,main,1048309365154910209,16,josekhgreen,Joseph,Y,7,10,82,R. Mostert,RB,MIA
2024,main,1048309365154910209,16,brianthebuck15,,N,7,11,83,J. Addison,WR,MIN
2024,main,1048309365154910209,16,Team 8,,N,7,12,84,Z. White,RB,LV
2024,main,1048309365154910209,16,Team 8,,N,8,1,85,J. Love,QB,GB
2024,main,1048309365154910209,16,brianthebuck15,,N,8,2,86,D. Prescott,QB,DAL
2024,main,1048309365154910209,16,josekhgreen,Joseph,Y,8,3,87,N. Harris,RB,PIT
2024,main,1048309365154910209,16,nathanawright24,Nathan,Y,8,4,88,B. Thomas,WR,JAX
2024,main,1048309365154910209,16,RyanAnderson25,Ryan,Y,8,5,89,D. Johnson,WR,CAR
2024,main,1048309365154910209,16,npd312,Nick,Y,8,6,90,J. Smith-Njigba,WR,SEA
2024,main,1048309365154910209,16,gregdani612,Greg,Y,8,7,91,Z. Moss,RB,CIN
2024,main,1048309365154910209,16,BigBallsKaiden,Kaiden,Y,8,8,92,C. Watson,WR,GB
2024,main,1048309365154910209,16,Team 7,,N,8,9,93,J. Ferguson,TE,DAL
2024,main,1048309365154910209,16,clappinyou,Dylan,Y,8,10,94,C. Williams,QB,CHI
2024,main,1048309365154910209,16,Team 3,,N,8,11,95,J. Warren,RB,PIT
2024,main,1048309365154910209,16,Cailenmh,Cailen,Y,8,12,96,L. McConkey,WR,LAC
2024,main,1048309365154910209,16,Cailenmh,Cailen,Y,9,1,97,N. Chubb,RB,CLE
2024,main,1048309365154910209,16,Team 3,,N,9,2,98,T. Tagovailoa,QB,MIA
2024,main,1048309365154910209,16,clappinyou,Dylan,Y,9,3,99,J. Ford,RB,CLE
2024,main,1048309365154910209,16,Team 7,,N,9,4,100,A. Ekeler,RB,WAS
2024,main,1048309365154910209,16,BigBallsKaiden,Kaiden,Y,9,5,101,C. Sutton,WR,DEN
2024,main,1048309365154910209,16,gregdani612,Greg,Y,9,6,102,D. Singletary,RB,NYG
2024,main,1048309365154910209,16,npd312,Nick,Y,9,7,103,J. Brooks,RB,CAR
2024,main,1048309365154910209,16,RyanAnderson25,Ryan,Y,9,8,104,C. Samuel,WR,BUF
2024,main,1048309365154910209,16,nathanawright24,Nathan,Y,9,9,105,B. Robinson,RB,WAS
2024,main,1048309365154910209,16,josekhgreen,Joseph,Y,9,10,106,H. Brown,WR,KC
2024,main,1048309365154910209,16,brianthebuck15,,N,9,11,107,D. Goedert,TE,PHI
2024,main,1048309365154910209,16,Team 8,,N,9,12,108,T. Spears,RB,TEN
2024,main,1048309365154910209,16,Team 8,,N,10,1,109,D. Hopkins,WR,TEN
2024,main,1048309365154910209,16,brianthebuck15,,N,10,2,110,J. Williams,WR,DET
2024,main,1048309365154910209,16,josekhgreen,Joseph,Y,10,3,111,T. Hockenson,TE,MIN
2024,main,1048309365154910209,16,nathanawright24,Nathan,Y,10,4,112,J. Daniels,QB,WAS
2024,main,1048309365154910209,16,RyanAnderson25,Ryan,Y,10,5,113,G. Edwards,RB,LAC
2024,main,1048309365154910209,16,npd312,Nick,Y,10,6,114,T. Benson,RB,ARI
2024,main,1048309365154910209,16,gregdani612,Greg,Y,10,7,115,B. Purdy,QB,SF
2024,main,1048309365154910209,16,BigBallsKaiden,Kaiden,Y,10,8,116,R. Doubs,WR,GB
2024,main,1048309365154910209,16,Team 7,,N,10,9,117,E. Elliott,RB,DAL
2024,main,1048309365154910209,16,clappinyou,Dylan,Y,10,10,118,J. Herbert,QB,LAC
2024,main,1048309365154910209,16,Team 3,,N,10,11,119,B. Corum,RB,LAR
2024,main,1048309365154910209,16,Cailenmh,Cailen,Y,10,12,120,T. Lockett,WR,SEA
2024,main,1048309365154910209,16,Cailenmh,Cailen,Y,11,1,121,C. Brown,RB,CIN
2024,main,1048309365154910209,16,Team 3,,N,11,2,122,A. Mitchell,WR,IND
2024,main,1048309365154910209,16,clappinyou,Dylan,Y,11,3,123,J. Tucker,K,BAL
2024,main,1048309365154910209,16,Team 7,,N,11,4,124,D. Schultz,TE,HOU
2024,main,1048309365154910209,16,BigBallsKaiden,Kaiden,Y,11,5,125,C. Hubbard,RB,CAR
2024,main,1048309365154910209,16,gregdani612,Greg,Y,11,6,126,C. Kmet,TE,CHI
2024,main,1048309365154910209,16,npd312,Nick,Y,11,7,127,K. Shakir,WR,BUF
2024,main,1048309365154910209,16,RyanAnderson25,Ryan,Y,11,8,128,J. Palmer,WR,LAC
2024,main,1048309365154910209,16,nathanawright24,Nathan,Y,11,9,129,T. Lawrence,QB,JAX
2024,main,1048309365154910209,16,josekhgreen,Joseph,Y,11,10,130,J. Goff,QB,DET
2024,main,1048309365154910209,16,brianthebuck15,,N,11,11,131,H. Butker,K,KC
2024,main,1048309365154910209,16,Team 8,,N,11,12,132,J. Meyers,WR,LV
2024,main,1048309365154910209,16,Team 8,,N,12,1,133,Z. Charbonnet,RB,SEA
2024,main,1048309365154910209,16,brianthebuck15,,N,12,2,134,J. Jeudy,WR,CLE
2024,main,1048309365154910209,16,josekhgreen,Joseph,Y,12,3,135,P. Freiermuth,TE,PIT
2024,main,1048309365154910209,16,nathanawright24,Nathan,Y,12,4,136,J. Dobbins,RB,LAC
2024,main,1048309365154910209,16,RyanAnderson25,Ryan,Y,12,5,137,R. Dowdle,RB,DAL
2024,main,1048309365154910209,16,npd312,Nick,Y,12,6,138,B. Aubrey,K,DAL
2024,main,1048309365154910209,16,gregdani612,Greg,Y,12,7,139,E. McPherson,K,CIN
2024,main,1048309365154910209,16,BigBallsKaiden,Kaiden,Y,12,8,140,Y. Koo,K,ATL
2024,main,1048309365154910209,16,Team 7,,N,12,9,141,A. Rodgers,QB,NYJ
2024,main,1048309365154910209,16,clappinyou,Dylan,Y,12,10,142,M. Williams,WR,NYJ
2024,main,1048309365154910209,16,Team 3,,N,12,11,143,R. Shaheed,WR,NO
2024,main,1048309365154910209,16,Cailenmh,Cailen,Y,12,12,144,J. Moody,K,SF
2024,main,1048309365154910209,16,Cailenmh,Cailen,Y,13,1,145,J. McLaughlin,RB,DEN
2024,main,1048309365154910209,16,Team 3,,N,13,2,146,J. Wright,RB,MIA
2024,main,1048309365154910209,16,clappinyou,Dylan,Y,13,3,147,T. Allgeier,RB,ATL
2024,main,1048309365154910209,16,Team 7,,N,13,4,148,J. Elliott,K,PHI
2024,main,1048309365154910209,16,BigBallsKaiden,Kaiden,Y,13,5,149,X. Legette,WR,CAR
2024,main,1048309365154910209,16,gregdani612,Greg,Y,13,6,150,G. Davis,WR,JAX
2024,main,1048309365154910209,16,npd312,Nick,Y,13,7,151,L. Musgrave,TE,GB
2024,main,1048309365154910209,16,RyanAnderson25,Ryan,Y,13,8,152,J. Polk,WR,NE
2024,main,1048309365154910209,16,nathanawright24,Nathan,Y,13,9,153,D. Wicks,WR,GB
2024,main,1048309365154910209,16,josekhgreen,Joseph,Y,13,10,154,A. Thielen,WR,CAR
2024,main,1048309365154910209,16,brianthebuck15,,N,13,11,155,T. Chandler,RB,MIN
2024,main,1048309365154910209,16,Team 8,,N,13,12,156,K. Cousins,QB,ATL
2024,main,1048309365154910209,16,Team 8,,N,14,1,157,B. Sinnott,TE,WAS
2024,main,1048309365154910209,16,brianthebuck15,,N,14,2,158,A. Gibson,RB,NE
2024,main,1048309365154910209,16,josekhgreen,Joseph,Y,14,3,159,K. Fairbairn,K,HOU
2024,main,1048309365154910209,16,nathanawright24,Nathan,Y,14,4,160,M. Lloyd,RB,GB
2024,main,1048309365154910209,16,RyanAnderson25,Ryan,Y,14,5,161,T. Franklin,WR,DEN
2024,main,1048309365154910209,16,npd312,Nick,Y,14,6,162,B. Allen,RB,NYJ
2024,main,1048309365154910209,16,gregdani612,Greg,Y,14,7,163,J. Downs,WR,IND
2024,main,1048309365154910209,16,BigBallsKaiden,Kaiden,Y,14,8,164,C. Otton,TE,TB
2024,main,1048309365154910209,16,Team 7,,N,14,9,165,K. Vidal,RB,LAC
2024,main,1048309365154910209,16,clappinyou,Dylan,Y,14,10,166,M. Gesicki,TE,CIN
2024,main,1048309365154910209,16,Team 3,,N,14,11,167,D. Mooney,WR,ATL
2024,main,1048309365154910209,16,Cailenmh,Cailen,Y,14,12,168,R. Pearsall,WR,SF
2024,main,1048309365154910209,16,Cailenmh,Cailen,Y,15,1,169,L. McCaffrey,WR,WAS
2024,main,1048309365154910209,16,Team 3,,N,15,2,170,B. Mayfield,QB,TB
2024,main,1048309365154910209,16,clappinyou,Dylan,Y,15,3,171,B. Cooks,WR,DAL
2024,main,1048309365154910209,16,Team 7,,N,15,4,172,R. Davis,RB,BUF
2024,main,1048309365154910209,16,BigBallsKaiden,Kaiden,Y,15,5,173,M. Mims,WR,DEN
2024,main,1048309365154910209,16,gregdani612,Greg,Y,15,6,174,T. Tracy,RB,NYG
2024,main,1048309365154910209,16,npd312,Nick,Y,15,7,175,J. Baker,WR,NE
2024,main,1048309365154910209,16,RyanAnderson25,Ryan,Y,15,8,176,C. Dicker,K,LAC
2024,main,1048309365154910209,16,nathanawright24,Nathan,Y,15,9,177,J. Sanders,K,MIA
2024,main,1048309365154910209,16,josekhgreen,Joseph,Y,15,10,178,J. Dotson,WR,PHI
2024,main,1048309365154910209,16,brianthebuck15,,N,15,11,179,Q. Johnston,WR,LAC
2024,main,1048309365154910209,16,Team 8,,N,15,12,180,T. Bass,K,BUF
2024,main,1048309365154910209,16,Team 8,,N,16,1,181,D. Douglas,WR,NE
2024,main,1048309365154910209,16,brianthebuck15,,N,16,2,182,T. Johnson,TE,NYG
2024,main,1048309365154910209,16,josekhgreen,Joseph,Y,16,3,183,B. Irving,RB,TB
2024,main,1048309365154910209,16,nathanawright24,Nathan,Y,16,4,184,A. Estime,RB,DEN
2024,main,1048309365154910209,16,RyanAnderson25,Ryan,Y,16,5,185,M. Stafford,QB,LAR
2024,main,1048309365154910209,16,npd312,Nick,Y,16,6,186,J. Fields,QB,PIT
2024,main,1048309365154910209,16,gregdani612,Greg,Y,16,7,187,D. Pierce,RB,HOU
2024,main,1048309365154910209,16,BigBallsKaiden,Kaiden,Y,16,8,188,B. Nix,QB,DEN
2024,main,1048309365154910209,16,Team 7,,N,16,9,189,K. Herbert,RB,CHI
2024,main,1048309365154910209,16,clappinyou,Dylan,Y,16,10,190,I. Likely,TE,BAL
2024,main,1048309365154910209,16,Team 3,,N,16,11,191,J. Myers,K,SEA
2024,main,1048309365154910209,16,Cailenmh,Cailen,Y,16,12,192,G. Dulcich,TE,DEN
2025,main,1209236378332712960,16,npd312,Nick,Y,1,1,1,J. Chase,WR,CIN
2025,main,1209236378332712960,16,itsssssDylan,Dylan,Y,1,2,2,B. Robinson,RB,ATL
2025,main,1209236378332712960,16,Cailenmh,Cailen,Y,1,3,3,S. Barkley,RB,PHI
2025,main,1209236378332712960,16,Sawftwars1,Jayden,Y,1,4,4,J. Jefferson,WR,MIN
2025,main,1209236378332712960,16,nathanawright24,Nathan,Y,1,5,5,C. Lamb,WR,DAL
2025,main,1209236378332712960,16,RyanAnderson25,Ryan,Y,1,6,6,J. Gibbs,RB,DET
2025,main,1209236378332712960,16,josekhgreen,Joseph,Y,1,7,7,D. Henry,RB,BAL
2025,main,1209236378332712960,16,cmmont13,Colin,Y,1,8,8,M. Nabers,WR,NYG
2025,main,1209236378332712960,16,gregdani612,Greg,Y,1,9,9,P. Nacua,WR,LAR
2025,main,1209236378332712960,16,AsaArnold,Asa,Y,1,10,10,C. McCaffrey,RB,SF
2025,main,1209236378332712960,16,BigBallsKaiden,Kaiden,Y,1,11,11,A. St. Brown,WR,DET
2025,main,1209236378332712960,16,tyleranderson8,Tyler,Y,1,12,12,A. Jeanty,RB,LV
2025,main,1209236378332712960,16,tyleranderson8,Tyler,Y,2,1,13,N. Collins,WR,HOU
2025,main,1209236378332712960,16,BigBallsKaiden,Kaiden,Y,2,2,14,D. Achane,RB,MIA
2025,main,1209236378332712960,16,AsaArnold,Asa,Y,2,3,15,J. Jacobs,RB,GB
2025,main,1209236378332712960,16,gregdani612,Greg,Y,2,4,16,B. Thomas,WR,JAX
2025,main,1209236378332712960,16,cmmont13,Colin,Y,2,5,17,B. Bowers,TE,LV
2025,main,1209236378332712960,16,josekhgreen,Joseph,Y,2,6,18,D. London,WR,ATL
2025,main,1209236378332712960,16,RyanAnderson25,Ryan,Y,2,7,19,L. McConkey,WR,LAC
2025,main,1209236378332712960,16,nathanawright24,Nathan,Y,2,8,20,A. Brown,WR,PHI
2025,main,1209236378332712960,16,Sawftwars1,Jayden,Y,2,9,21,J. Taylor,RB,IND
2025,main,1209236378332712960,16,Cailenmh,Cailen,Y,2,10,22,B. Irving,RB,TB
2025,main,1209236378332712960,16,itsssssDylan,Dylan,Y,2,11,23,T. Hill,WR,MIA
2025,main,1209236378332712960,16,npd312,Nick,Y,2,12,24,C. Brown,RB,CIN
2025,main,1209236378332712960,16,npd312,Nick,Y,3,1,25,J. Allen,QB,BUF
2025,main,1209236378332712960,16,itsssssDylan,Dylan,Y,3,2,26,J. Cook,RB,BUF
2025,main,1209236378332712960,16,Cailenmh,Cailen,Y,3,3,27,L. Jackson,QB,BAL
2025,main,1209236378332712960,16,Sawftwars1,Jayden,Y,3,4,28,K. Williams,RB,LAR
2025,main,1209236378332712960,16,nathanawright24,Nathan,Y,3,5,29,B. Hall,RB,NYJ
2025,main,1209236378332712960,16,RyanAnderson25,Ryan,Y,3,6,30,J. Smith-Njigba,WR,SEA
2025,main,1209236378332712960,16,josekhgreen,Joseph,Y,3,7,31,T. McBride,TE,ARI
2025,main,1209236378332712960,16,cmmont13,Colin,Y,3,8,32,O. Hampton,RB,LAC
2025,main,1209236378332712960,16,gregdani612,Greg,Y,3,9,33,J. Daniels,QB,WAS
2025,main,1209236378332712960,16,AsaArnold,Asa,Y,3,10,34,T. Higgins,WR,CIN
2025,main,1209236378332712960,16,BigBallsKaiden,Kaiden,Y,3,11,35,J. Burrow,QB,CIN
2025,main,1209236378332712960,16,tyleranderson8,Tyler,Y,3,12,36,A. Kamara,RB,NO
2025,main,1209236378332712960,16,tyleranderson8,Tyler,Y,4,1,37,T. McLaurin,WR,WAS
2025,main,1209236378332712960,16,BigBallsKaiden,Kaiden,Y,4,2,38,M. Evans,WR,TB
2025,main,1209236378332712960,16,AsaArnold,Asa,Y,4,3,39,J. Hurts,QB,PHI
2025,main,1209236378332712960,16,gregdani612,Greg,Y,4,4,40,K. Walker,RB,SEA
2025,main,1209236378332712960,16,cmmont13,Colin,Y,4,5,41,M. Harrison,WR,ARI
2025,main,1209236378332712960,16,josekhgreen,Joseph,Y,4,6,42,G. Wilson,WR,NYJ
2025,main,1209236378332712960,16,RyanAnderson25,Ryan,Y,4,7,43,C. Hubbard,RB,CAR
2025,main,1209236378332712960,16,nathanawright24,Nathan,Y,4,8,44,T. Henderson,RB,NE
2025,main,1209236378332712960,16,Sawftwars1,Jayden,Y,4,9,45,D. Adams,WR,LAR
2025,main,1209236378332712960,16,Cailenmh,Cailen,Y,4,10,46,D. Metcalf,WR,PIT
2025,main,1209236378332712960,16,itsssssDylan,Dylan,Y,4,11,47,J. Conner,RB,ARI
2025,main,1209236378332712960,16,npd312,Nick,Y,4,12,48,D. Smith,WR,PHI
2025,main,1209236378332712960,16,npd312,Nick,Y,5,1,49,G. Kittle,TE,SF
2025,main,1209236378332712960,16,itsssssDylan,Dylan,Y,5,2,50,T. Kelce,TE,KC
2025,main,1209236378332712960,16,Cailenmh,Cailen,Y,5,3,51,C. Sutton,WR,DEN
2025,main,1209236378332712960,16,Sawftwars1,Jayden,Y,5,4,52,X. Worthy,WR,KC
2025,main,1209236378332712960,16,nathanawright24,Nathan,Y,5,5,53,Z. Flowers,WR,BAL
2025,main,1209236378332712960,16,RyanAnderson25,Ryan,Y,5,6,54,D. Moore,WR,CHI
2025,main,1209236378332712960,16,josekhgreen,Joseph,Y,5,7,55,P. Mahomes,QB,KC
2025,main,1209236378332712960,16,cmmont13,Colin,Y,5,8,56,T. McMillan,WR,CAR
2025,main,1209236378332712960,16,gregdani612,Greg,Y,5,9,57,D. Montgomery,RB,DET
2025,main,1209236378332712960,16,AsaArnold,Asa,Y,5,10,58,G. Pickens,WR,DAL
2025,main,1209236378332712960,16,BigBallsKaiden,Kaiden,Y,5,11,59,I. Pacheco,RB,KC
2025,main,1209236378332712960,16,tyleranderson8,Tyler,Y,5,12,60,J. Jeudy,WR,CLE
2025,main,1209236378332712960,16,tyleranderson8,Tyler,Y,6,1,61,R. Harvey,RB,DEN
2025,main,1209236378332712960,16,BigBallsKaiden,Kaiden,Y,6,2,62,J. Williams,WR,DET
2025,main,1209236378332712960,16,AsaArnold,Asa,Y,6,3,63,T. Hunter,WR,JAX
2025,main,1209236378332712960,16,gregdani612,Greg,Y,6,4,64,D. Swift,RB,CHI
2025,main,1209236378332712960,16,cmmont13,Colin,Y,6,5,65,A. Jones,RB,MIN
2025,main,1209236378332712960,16,josekhgreen,Joseph,Y,6,6,66,T. Pollard,RB,TEN
2025,main,1209236378332712960,16,RyanAnderson25,Ryan,Y,6,7,67,S. LaPorta,TE,DET
2025,main,1209236378332712960,16,nathanawright24,Nathan,Y,6,8,68,J. Waddle,WR,MIA
2025,main,1209236378332712960,16,Sawftwars1,Jayden,Y,6,9,69,T. Hockenson,TE,MIN
2025,main,1209236378332712960,16,Cailenmh,Cailen,Y,6,10,70,C. Ridley,WR,TEN
2025,main,1209236378332712960,16,itsssssDylan,Dylan,Y,6,11,71,B. Nix,QB,DEN
2025,main,1209236378332712960,16,npd312,Nick,Y,6,12,72,R. Odunze,WR,CHI
2025,main,1209236378332712960,16,npd312,Nick,Y,7,1,73,K. Johnson,RB,PIT
2025,main,1209236378332712960,16,itsssssDylan,Dylan,Y,7,2,74,C. Olave,WR,NO
2025,main,1209236378332712960,16,Cailenmh,Cailen,Y,7,3,75,E. Engram,TE,DEN
2025,main,1209236378332712960,16,Sawftwars1,Jayden,Y,7,4,76,M. Golden,WR,GB
2025,main,1209236378332712960,16,nathanawright24,Nathan,Y,7,5,77,E. Egbuka,WR,TB
2025,main,1209236378332712960,16,RyanAnderson25,Ryan,Y,7,6,78,B. Mayfield,QB,TB
2025,main,1209236378332712960,16,josekhgreen,Joseph,Y,7,7,79,S. Diggs,WR,NE
2025,main,1209236378332712960,16,cmmont13,Colin,Y,7,8,80,R. Pearsall,WR,SF
2025,main,1209236378332712960,16,gregdani612,Greg,Y,7,9,81,M. Andrews,TE,BAL
2025,main,1209236378332712960,16,AsaArnold,Asa,Y,7,10,82,R. Rice,WR,KC
2025,main,1209236378332712960,16,BigBallsKaiden,Kaiden,Y,7,11,83,D. Njoku,TE,CLE
2025,main,1209236378332712960,16,tyleranderson8,Tyler,Y,7,12,84,T. Warren,TE,IND
2025,main,1209236378332712960,16,tyleranderson8,Tyler,Y,8,1,85,K. Murray,QB,ARI
2025,main,1209236378332712960,16,BigBallsKaiden,Kaiden,Y,8,2,86,J. Meyers,WR,LV
2025,main,1209236378332712960,16,AsaArnold,Asa,Y,8,3,87,J. Jennings,WR,SF
2025,main,1209236378332712960,16,gregdani612,Greg,Y,8,4,88,D. Samuel,WR,WAS
2025,main,1209236378332712960,16,cmmont13,Colin,Y,8,5,89,T. Tracy,RB,NYG
2025,main,1209236378332712960,16,josekhgreen,Joseph,Y,8,6,90,J. Warren,RB,PIT
2025,main,1209236378332712960,16,RyanAnderson25,Ryan,Y,8,7,91,K. Shakir,WR,BUF
2025,main,1209236378332712960,16,nathanawright24,Nathan,Y,8,8,92,C. Skattebo,RB,NYG
2025,main,1209236378332712960,16,Sawftwars1,Jayden,Y,8,9,93,J. Mason,RB,MIN
2025,main,1209236378332712960,16,Cailenmh,Cailen,Y,8,10,94,C. Kupp,WR,SEA
2025,main,1209236378332712960,16,itsssssDylan,Dylan,Y,8,11,95,J. Mixon,RB,HOU
2025,main,1209236378332712960,16,npd312,Nick,Y,8,12,96,Q. Judkins,RB,CLE
2025,main,1209236378332712960,16,npd312,Nick,Y,9,1,97,J. Downs,WR,IND
2025,main,1209236378332712960,16,itsssssDylan,Dylan,Y,9,2,98,K. Pitts,TE,ATL
2025,main,1209236378332712960,16,Cailenmh,Cailen,Y,9,3,99,T. Etienne,RB,JAX
2025,main,1209236378332712960,16,Sawftwars1,Jayden,Y,9,4,100,D. Prescott,QB,DAL
2025,main,1209236378332712960,16,nathanawright24,Nathan,Y,9,5,101,B. Purdy,QB,SF
2025,main,1209236378332712960,16,RyanAnderson25,Ryan,Y,9,6,102,J. Dobbins,RB,DEN
2025,main,1209236378332712960,16,josekhgreen,Joseph,Y,9,7,103,J. Williams,RB,DAL
2025,main,1209236378332712960,16,cmmont13,Colin,Y,9,8,104,D. Maye,QB,NE
2025,main,1209236378332712960,16,gregdani612,Greg,Y,9,9,105,N. Chubb,RB,HOU
2025,main,1209236378332712960,16,AsaArnold,Asa,Y,9,10,106,Z. Charbonnet,RB,SEA
2025,main,1209236378332712960,16,BigBallsKaiden,Kaiden,Y,9,11,107,M. Pittman,WR,IND
2025,main,1209236378332712960,16,tyleranderson8,Tyler,Y,9,12,108,C. Godwin,WR,TB
2025,main,1209236378332712960,16,tyleranderson8,Tyler,Y,10,1,109,A. Ekeler,RB,WAS
2025,main,1209236378332712960,16,BigBallsKaiden,Kaiden,Y,10,2,110,J. Croskey-Merritt,RB,WAS
2025,main,1209236378332712960,16,AsaArnold,Asa,Y,10,3,111,T. Kraft,TE,GB
2025,main,1209236378332712960,16,gregdani612,Greg,Y,10,4,112,K. Coleman,WR,BUF
2025,main,1209236378332712960,16,cmmont13,Colin,Y,10,5,113,J. Higgins,WR,HOU
2025,main,1209236378332712960,16,josekhgreen,Joseph,Y,10,6,114,J. Addison,WR,MIN
2025,main,1209236378332712960,16,RyanAnderson25,Ryan,Y,10,7,115,T. Bigsby,RB,JAX
2025,main,1209236378332712960,16,nathanawright24,Nathan,Y,10,8,116,D. Kincaid,TE,BUF
2025,main,1209236378332712960,16,Sawftwars1,Jayden,Y,10,9,117,C. Loveland,TE,CHI
2025,main,1209236378332712960,16,Cailenmh,Cailen,Y,10,10,118,B. Aubrey,K,DAL
2025,main,1209236378332712960,16,itsssssDylan,Dylan,Y,10,11,119,K. Allen,WR,LAC
2025,main,1209236378332712960,16,npd312,Nick,Y,10,12,120,J. Blue,RB,DAL
2025,main,1209236378332712960,16,npd312,Nick,Y,11,1,121,D. Mooney,WR,ATL
2025,main,1209236378332712960,16,itsssssDylan,Dylan,Y,11,2,122,N. Harris,RB,LAC
2025,main,1209236378332712960,16,Cailenmh,Cailen,Y,11,3,123,R. Stevenson,RB,NE
2025,main,1209236378332712960,16,Sawftwars1,Jayden,Y,11,4,124,M. Mims,WR,DEN
2025,main,1209236378332712960,16,nathanawright24,Nathan,Y,11,5,125,J. Ferguson,TE,DAL
2025,main,1209236378332712960,16,RyanAnderson25,Ryan,Y,11,6,126,B. Aiyuk,WR,SF
2025,main,1209236378332712960,16,josekhgreen,Joseph,Y,11,7,127,J. Reed,WR,GB
2025,main,1209236378332712960,16,cmmont13,Colin,Y,11,8,128,T. Benson,RB,ARI
2025,main,1209236378332712960,16,gregdani612,Greg,Y,11,9,129,J. Love,QB,GB
2025,main,1209236378332712960,16,AsaArnold,Asa,Y,11,10,130,B. Allen,RB,NYJ
2025,main,1209236378332712960,16,BigBallsKaiden,Kaiden,Y,11,11,131,C. Kirk,WR,HOU
2025,main,1209236378332712960,16,tyleranderson8,Tyler,Y,11,12,132,D. Goedert,TE,PHI
2025,main,1209236378332712960,16,tyleranderson8,Tyler,Y,12,1,133,C. Stroud,QB,HOU
2025,main,1209236378332712960,16,BigBallsKaiden,Kaiden,Y,12,2,134,Z. Ertz,TE,WAS
2025,main,1209236378332712960,16,AsaArnold,Asa,Y,12,3,135,R. Shaheed,WR,NO
2025,main,1209236378332712960,16,gregdani612,Greg,Y,12,4,136,B. Robinson,RB,SF
2025,main,1209236378332712960,16,cmmont13,Colin,Y,12,5,137,J. McCarthy,QB,MIN
2025,main,1209236378332712960,16,josekhgreen,Joseph,Y,12,6,138,L. Burden,WR,CHI
2025,main,1209236378332712960,16,RyanAnderson25,Ryan,Y,12,7,139,H. Brown,WR,KC
2025,main,1209236378332712960,16,nathanawright24,Nathan,Y,12,8,140,B. Tuten,RB,JAX
2025,main,1209236378332712960,16,Sawftwars1,Jayden,Y,12,9,141,T. Harris,WR,LAC
2025,main,1209236378332712960,16,Cailenmh,Cailen,Y,12,10,142,J. Herbert,QB,LAC
2025,main,1209236378332712960,16,itsssssDylan,Dylan,Y,12,11,143,J. Fields,QB,NYJ
2025,main,1209236378332712960,16,npd312,Nick,Y,12,12,144,D. Sampson,RB,CLE
2025,main,1209236378332712960,16,npd312,Nick,Y,13,1,145,C. Williams,QB,CHI
2025,main,1209236378332712960,16,itsssssDylan,Dylan,Y,13,2,146,C. Boswell,K,PIT
2025,main,1209236378332712960,16,Cailenmh,Cailen,Y,13,3,147,A. Thielen,WR,MIN
2025,main,1209236378332712960,16,Sawftwars1,Jayden,Y,13,4,148,C. Dicker,K,LAC
2025,main,1209236378332712960,16,nathanawright24,Nathan,Y,13,5,149,J. Bates,K,DET
2025,main,1209236378332712960,16,RyanAnderson25,Ryan,Y,13,6,150,C. McLaughlin,K,TB
2025,main,1209236378332712960,16,josekhgreen,Joseph,Y,13,7,151,J. Ford,RB,CLE
2025,main,1209236378332712960,16,cmmont13,Colin,Y,13,8,152,J. Elliott,K,PHI
2025,main,1209236378332712960,16,gregdani612,Greg,Y,13,9,153,H. Butker,K,KC
2025,main,1209236378332712960,16,AsaArnold,Asa,Y,13,10,154,J. Goff,QB,DET
2025,main,1209236378332712960,16,BigBallsKaiden,Kaiden,Y,13,11,155,E. McPherson,K,CIN
2025,main,1209236378332712960,16,tyleranderson8,Tyler,Y,13,12,156,R. Bateman,WR,BAL
2025,main,1209236378332712960,16,tyleranderson8,Tyler,Y,14,1,157,K. Fairbairn,K,HOU
2025,main,1209236378332712960,16,BigBallsKaiden,Kaiden,Y,14,2,158,J. Palmer,WR,BUF
2025,main,1209236378332712960,16,AsaArnold,Asa,Y,14,3,159,O. Gordon,RB,MIA
2025,main,1209236378332712960,16,gregdani612,Greg,Y,14,4,160,C. Okonkwo,TE,TEN
2025,main,1209236378332712960,16,cmmont13,Colin,Y,14,5,161,H. Henry,TE,NE
2025,main,1209236378332712960,16,josekhgreen,Joseph,Y,14,6,162,T. Lawrence,QB,JAX
2025,main,1209236378332712960,16,RyanAnderson25,Ryan,Y,14,7,163,J. Smith,TE,PIT
2025,main,1209236378332712960,16,nathanawright24,Nathan,Y,14,8,164,K. Williams,WR,NE
2025,main,1209236378332712960,16,Sawftwars1,Jayden,Y,14,9,165,M. Penix,QB,ATL
2025,main,1209236378332712960,16,Cailenmh,Cailen,Y,14,10,166,M. Gesicki,TE,CIN
2025,main,1209236378332712960,16,itsssssDylan,Dylan,Y,14,11,167,X. Legette,WR,CAR
2025,main,1209236378332712960,16,npd312,Nick,Y,14,12,168,T. Bass,K,BUF
2025,main,1209236378332712960,16,npd312,Nick,Y,15,1,169,B. Strange,TE,JAX
2025,main,1209236378332712960,16,itsssssDylan,Dylan,Y,15,2,170,T. Allgeier,RB,ATL
2025,main,1209236378332712960,16,Cailenmh,Cailen,Y,15,3,171,R. White,RB,TB
2025,main,1209236378332712960,16,Sawftwars1,Jayden,Y,15,4,172,E. Ayomanor,WR,TEN
2025,main,1209236378332712960,16,nathanawright24,Nathan,Y,15,5,173,M. Stafford,QB,LAR
2025,main,1209236378332712960,16,RyanAnderson25,Ryan,Y,15,6,174,B. Young,QB,CAR
2025,main,1209236378332712960,16,josekhgreen,Joseph,Y,15,7,175,C. Otton,TE,TB
2025,main,1209236378332712960,16,cmmont13,Colin,Y,15,8,176,A. Mitchell,WR,IND
2025,main,1209236378332712960,16,gregdani612,Greg,Y,15,9,177,C. Ward,QB,TEN
2025,main,1209236378332712960,16,AsaArnold,Asa,Y,15,10,178,I. TeSlaa,WR,DET
2025,main,1209236378332712960,16,BigBallsKaiden,Kaiden,Y,15,11,179,C. Tillman,WR,CLE
2025,main,1209236378332712960,16,tyleranderson8,Tyler,Y,15,12,180,D. Douglas,WR,NE
2025,main,1209236378332712960,16,tyleranderson8,Tyler,Y,16,1,181,R. Mostert,RB,LV
2025,main,1209236378332712960,16,BigBallsKaiden,Kaiden,Y,16,2,182,G. Smith,QB,LV
2025,main,1209236378332712960,16,AsaArnold,Asa,Y,16,3,183,C. Little,K,JAX
2025,main,1209236378332712960,16,gregdani612,Greg,Y,16,4,184,K. Hunt,RB,KC
2025,main,1209236378332712960,16,cmmont13,Colin,Y,16,5,185,K. Mumpfield,WR,LAR
2025,main,1209236378332712960,16,josekhgreen,Joseph,Y,16,6,186,T. Spears,RB,TEN
2025,main,1209236378332712960,16,RyanAnderson25,Ryan,Y,16,7,187,W. Robinson,WR,NYG
2025,main,1209236378332712960,16,nathanawright24,Nathan,Y,16,8,188,W. Marks,RB,HOU
2025,main,1209236378332712960,16,Sawftwars1,Jayden,Y,16,9,189,J. Coker,WR,CAR
2025,main,1209236378332712960,16,Cailenmh,Cailen,Y,16,10,190,D. Thornton,WR,LV
2025,main,1209236378332712960,16,itsssssDylan,Dylan,Y,16,11,191,A. Cooper,WR,LV
2025,main,1209236378332712960,16,npd312,Nick,Y,16,12,192,P. Bryant,WR,DEN
2025,alt,1241981499981438976,16,AsaArnold,Asa,Y,1,1,1,J. Chase,WR,CIN
2025,alt,1241981499981438976,16,NicolasThomas,,N,1,2,2,B. Robinson,RB,ATL
2025,alt,1241981499981438976,16,Sawftwars1,Jayden,Y,1,3,3,S. Barkley,RB,PHI
2025,alt,1241981499981438976,16,dolanders,,N,1,4,4,J. Jefferson,WR,MIN
2025,alt,1241981499981438976,16,Aiden2435,,N,1,5,5,J. Gibbs,RB,DET
2025,alt,1241981499981438976,16,nathanawright24,Nathan,Y,1,6,6,C. Lamb,WR,DAL
2025,alt,1241981499981438976,16,ryancann,,N,1,7,7,M. Nabers,WR,NYG
2025,alt,1241981499981438976,16,bradysc03,,N,1,8,8,D. Henry,RB,BAL
2025,alt,1241981499981438976,16,satvikh23,,N,1,9,9,A. St. Brown,WR,DET
2025,alt,1241981499981438976,16,Hudsonro,,N,1,10,10,P. Nacua,WR,LAR
2025,alt,1241981499981438976,16,cmmont13,Colin,Y,1,11,11,C. McCaffrey,RB,SF
2025,alt,1241981499981438976,16,AbubuNoDudu,,N,1,12,12,N. Collins,WR,HOU
2025,alt,1241981499981438976,16,AbubuNoDudu,,N,2,1,13,J. Jacobs,RB,GB
2025,alt,1241981499981438976,16,cmmont13,Colin,Y,2,2,14,A. Jeanty,RB,LV
2025,alt,1241981499981438976,16,Hudsonro,,N,2,3,15,J. Cook,RB,BUF
2025,alt,1241981499981438976,16,satvikh23,,N,2,4,16,D. Achane,RB,MIA
2025,alt,1241981499981438976,16,bradysc03,,N,2,5,17,D. London,WR,ATL
2025,alt,1241981499981438976,16,ryancann,,N,2,6,18,B. Irving,RB,TB
2025,alt,1241981499981438976,16,nathanawright24,Nathan,Y,2,7,19,B. Thomas,WR,JAX
2025,alt,1241981499981438976,16,Aiden2435,,N,2,8,20,L. Jackson,QB,BAL
2025,alt,1241981499981438976,16,dolanders,,N,2,9,21,B. Bowers,TE,LV
2025,alt,1241981499981438976,16,Sawftwars1,Jayden,Y,2,10,22,J. Taylor,RB,IND
2025,alt,1241981499981438976,16,NicolasThomas,,N,2,11,23,C. Brown,RB,CIN
2025,alt,1241981499981438976,16,AsaArnold,Asa,Y,2,12,24,T. McBride,TE,ARI
2025,alt,1241981499981438976,16,AsaArnold,Asa,Y,3,1,25,J. Allen,QB,BUF
2025,alt,1241981499981438976,16,NicolasThomas,,N,3,2,26,A. Brown,WR,PHI
2025,alt,1241981499981438976,16,Sawftwars1,Jayden,Y,3,3,27,L. McConkey,WR,LAC
2025,alt,1241981499981438976,16,dolanders,,N,3,4,28,B. Hall,RB,NYJ
2025,alt,1241981499981438976,16,Aiden2435,,N,3,5,29,K. Williams,RB,LAR
2025,alt,1241981499981438976,16,nathanawright24,Nathan,Y,3,6,30,O. Hampton,RB,LAC
2025,alt,1241981499981438976,16,ryancann,,N,3,7,31,J. Daniels,QB,WAS
2025,alt,1241981499981438976,16,bradysc03,,N,3,8,32,T. Higgins,WR,CIN
2025,alt,1241981499981438976,16,satvikh23,,N,3,9,33,G. Kittle,TE,SF
2025,alt,1241981499981438976,16,Hudsonro,,N,3,10,34,J. Smith-Njigba,WR,SEA
2025,alt,1241981499981438976,16,cmmont13,Colin,Y,3,11,35,J. Hurts,QB,PHI
2025,alt,1241981499981438976,16,AbubuNoDudu,,N,3,12,36,M. Evans,WR,TB
2025,alt,1241981499981438976,16,AbubuNoDudu,,N,4,1,37,A. Kamara,RB,NO
2025,alt,1241981499981438976,16,cmmont13,Colin,Y,4,2,38,T. Hill,WR,MIA
2025,alt,1241981499981438976,16,Hudsonro,,N,4,3,39,S. LaPorta,TE,DET
2025,alt,1241981499981438976,16,satvikh23,,N,4,4,40,J. Burrow,QB,CIN
2025,alt,1241981499981438976,16,bradysc03,,N,4,5,41,K. Walker,RB,SEA
2025,alt,1241981499981438976,16,ryancann,,N,4,6,42,G. Wilson,WR,NYJ
2025,alt,1241981499981438976,16,nathanawright24,Nathan,Y,4,7,43,T. Henderson,RB,NE
2025,alt,1241981499981438976,16,Aiden2435,,N,4,8,44,M. Harrison,WR,ARI
2025,alt,1241981499981438976,16,dolanders,,N,4,9,45,T. McLaurin,WR,WAS
2025,alt,1241981499981438976,16,Sawftwars1,Jayden,Y,4,10,46,D. Metcalf,WR,PIT
2025,alt,1241981499981438976,16,NicolasThomas,,N,4,11,47,D. Adams,WR,LAR
2025,alt,1241981499981438976,16,AsaArnold,Asa,Y,4,12,48,C. Hubbard,RB,CAR
2025,alt,1241981499981438976,16,AsaArnold,Asa,Y,5,1,49,J. Conner,RB,ARI
2025,alt,1241981499981438976,16,NicolasThomas,,N,5,2,50,C. Sutton,WR,DEN
2025,alt,1241981499981438976,16,Sawftwars1,Jayden,Y,5,3,51,G. Pickens,WR,DAL
2025,alt,1241981499981438976,16,dolanders,,N,5,4,52,X. Worthy,WR,KC
2025,alt,1241981499981438976,16,Aiden2435,,N,5,5,53,D. Montgomery,RB,DET
2025,alt,1241981499981438976,16,nathanawright24,Nathan,Y,5,6,54,D. Smith,WR,PHI
2025,alt,1241981499981438976,16,ryancann,,N,5,7,55,R. Harvey,RB,DEN
2025,alt,1241981499981438976,16,bradysc03,,N,5,8,56,T. Hockenson,TE,MIN
2025,alt,1241981499981438976,16,satvikh23,,N,5,9,57,D. Moore,WR,CHI
2025,alt,1241981499981438976,16,Hudsonro,,N,5,10,58,D. Swift,RB,CHI
2025,alt,1241981499981438976,16,cmmont13,Colin,Y,5,11,59,T. McMillan,WR,CAR
2025,alt,1241981499981438976,16,AbubuNoDudu,,N,5,12,60,B. Mayfield,QB,TB
2025,alt,1241981499981438976,16,AbubuNoDudu,,N,6,1,61,C. Ridley,WR,TEN
2025,alt,1241981499981438976,16,cmmont13,Colin,Y,6,2,62,Z. Flowers,WR,BAL
2025,alt,1241981499981438976,16,Hudsonro,,N,6,3,63,I. Pacheco,RB,KC
2025,alt,1241981499981438976,16,satvikh23,,N,6,4,64,T. Pollard,RB,TEN
2025,alt,1241981499981438976,16,bradysc03,,N,6,5,65,J. Williams,WR,DET
2025,alt,1241981499981438976,16,ryancann,,N,6,6,66,T. Hunter,WR,JAX
2025,alt,1241981499981438976,16,nathanawright24,Nathan,Y,6,7,67,J. Waddle,WR,MIA
2025,alt,1241981499981438976,16,Aiden2435,,N,6,8,68,E. Engram,TE,DEN
2025,alt,1241981499981438976,16,dolanders,,N,6,9,69,C. Olave,WR,NO
2025,alt,1241981499981438976,16,Sawftwars1,Jayden,Y,6,10,70,B. Nix,QB,DEN
2025,alt,1241981499981438976,16,NicolasThomas,,N,6,11,71,K. Johnson,RB,PIT
2025,alt,1241981499981438976,16,AsaArnold,Asa,Y,6,12,72,E. Egbuka,WR,TB
2025,alt,1241981499981438976,16,AsaArnold,Asa,Y,7,1,73,M. Golden,WR,GB
2025,alt,1241981499981438976,16,NicolasThomas,,N,7,2,74,R. Pearsall,WR,SF
2025,alt,1241981499981438976,16,Sawftwars1,Jayden,Y,7,3,75,J. Jeudy,WR,CLE
2025,alt,1241981499981438976,16,dolanders,,N,7,4,76,C. Skattebo,RB,NYG
2025,alt,1241981499981438976,16,Aiden2435,,N,7,5,77,T. Kelce,TE,KC
2025,alt,1241981499981438976,16,nathanawright24,Nathan,Y,7,6,78,R. Odunze,WR,CHI
2025,alt,1241981499981438976,16,ryancann,,N,7,7,79,A. Jones,RB,MIN
2025,alt,1241981499981438976,16,bradysc03,,N,7,8,80,J. Meyers,WR,LV
2025,alt,1241981499981438976,16,satvikh23,,N,7,9,81,T. Tracy,RB,NYG
2025,alt,1241981499981438976,16,Hudsonro,,N,7,10,82,D. Samuel,WR,WAS
2025,alt,1241981499981438976,16,cmmont13,Colin,Y,7,11,83,M. Andrews,TE,BAL
2025,alt,1241981499981438976,16,AbubuNoDudu,,N,7,12,84,D. Njoku,TE,CLE
2025,alt,1241981499981438976,16,AbubuNoDudu,,N,8,1,85,S. Diggs,WR,NE
2025,alt,1241981499981438976,16,cmmont13,Colin,Y,8,2,86,R. Rice,WR,KC
2025,alt,1241981499981438976,16,Hudsonro,,N,8,3,87,K. Murray,QB,ARI
2025,alt,1241981499981438976,16,satvikh23,,N,8,4,88,J. Warren,RB,PIT
2025,alt,1241981499981438976,16,bradysc03,,N,8,5,89,B. Robinson,RB,SF
2025,alt,1241981499981438976,16,ryancann,,N,8,6,90,T. Warren,TE,IND
2025,alt,1241981499981438976,16,nathanawright24,Nathan,Y,8,7,91,Q. Judkins,RB,CLE
2025,alt,1241981499981438976,16,Aiden2435,,N,8,8,92,C. Kupp,WR,SEA
2025,alt,1241981499981438976,16,dolanders,,N,8,9,93,P. Mahomes,QB,KC
2025,alt,1241981499981438976,16,Sawftwars1,Jayden,Y,8,10,94,J. Mason,RB,MIN
2025,alt,1241981499981438976,16,NicolasThomas,,N,8,11,95,T. Kraft,TE,GB
2025,alt,1241981499981438976,16,AsaArnold,Asa,Y,8,12,96,J. Jennings,WR,SF
2025,alt,1241981499981438976,16,AsaArnold,Asa,Y,9,1,97,Z. Charbonnet,RB,SEA
2025,alt,1241981499981438976,16,NicolasThomas,,N,9,2,98,J. Croskey-Merritt,RB,WAS
2025,alt,1241981499981438976,16,Sawftwars1,Jayden,Y,9,3,99,J. Downs,WR,IND
2025,alt,1241981499981438976,16,dolanders,,N,9,4,100,J. Mixon,RB,HOU
2025,alt,1241981499981438976,16,Aiden2435,,N,9,5,101,J. Addison,WR,MIN
2025,alt,1241981499981438976,16,nathanawright24,Nathan,Y,9,6,102,D. Kincaid,TE,BUF
2025,alt,1241981499981438976,16,ryancann,,N,9,7,103,T. Etienne,RB,JAX
2025,alt,1241981499981438976,16,bradysc03,,N,9,8,104,J. Williams,RB,DAL
2025,alt,1241981499981438976,16,satvikh23,,N,9,9,105,K. Shakir,WR,BUF
2025,alt,1241981499981438976,16,Hudsonro,,N,9,10,106,M. Pittman,WR,IND
2025,alt,1241981499981438976,16,cmmont13,Colin,Y,9,11,107,J. Dobbins,RB,DEN
2025,alt,1241981499981438976,16,AbubuNoDudu,,N,9,12,108,C. Loveland,TE,CHI
2025,alt,1241981499981438976,16,AbubuNoDudu,,N,10,1,109,K. Allen,WR,LAC
2025,alt,1241981499981438976,16,cmmont13,Colin,Y,10,2,110,B. Aubrey,K,DAL
2025,alt,1241981499981438976,16,Hudsonro,,N,10,3,111,N. Chubb,RB,HOU
2025,alt,1241981499981438976,16,satvikh23,,N,10,4,112,J. Reed,WR,GB
2025,alt,1241981499981438976,16,bradysc03,,N,10,5,113,A. Ekeler,RB,WAS
2025,alt,1241981499981438976,16,ryancann,,N,10,6,114,C. Godwin,WR,TB
2025,alt,1241981499981438976,16,nathanawright24,Nathan,Y,10,7,115,B. Purdy,QB,SF
2025,alt,1241981499981438976,16,Aiden2435,,N,10,8,116,J. Higgins,WR,HOU
2025,alt,1241981499981438976,16,dolanders,,N,10,9,117,J. Smith,TE,PIT
2025,alt,1241981499981438976,16,Sawftwars1,Jayden,Y,10,10,118,K. Coleman,WR,BUF
2025,alt,1241981499981438976,16,NicolasThomas,,N,10,11,119,B. Allen,RB,NYJ
2025,alt,1241981499981438976,16,AsaArnold,Asa,Y,10,12,120,D. Sampson,RB,CLE
2025,alt,1241981499981438976,16,AsaArnold,Asa,Y,11,1,121,R. Shaheed,WR,NO
2025,alt,1241981499981438976,16,NicolasThomas,,N,11,2,122,D. Prescott,QB,DAL
2025,alt,1241981499981438976,16,Sawftwars1,Jayden,Y,11,3,123,J. Ferguson,TE,DAL
2025,alt,1241981499981438976,16,dolanders,,N,11,4,124,O. Gordon,RB,MIA
2025,alt,1241981499981438976,16,Aiden2435,,N,11,5,125,T. Bigsby,RB,JAX
2025,alt,1241981499981438976,16,nathanawright24,Nathan,Y,11,6,126,T. Benson,RB,ARI
2025,alt,1241981499981438976,16,ryancann,,N,11,7,127,R. Stevenson,RB,NE
2025,alt,1241981499981438976,16,bradysc03,,N,11,8,128,J. Goff,QB,DET
2025,alt,1241981499981438976,16,satvikh23,,N,11,9,129,D. Mooney,WR,ATL
2025,alt,1241981499981438976,16,Hudsonro,,N,11,10,130,K. Pitts,TE,ATL
2025,alt,1241981499981438976,16,cmmont13,Colin,Y,11,11,131,J. Blue,RB,DAL
2025,alt,1241981499981438976,16,AbubuNoDudu,,N,11,12,132,D. Maye,QB,NE
2025,alt,1241981499981438976,16,AbubuNoDudu,,N,12,1,133,J. Ford,RB,CLE
2025,alt,1241981499981438976,16,cmmont13,Colin,Y,12,2,134,B. Aiyuk,WR,SF
2025,alt,1241981499981438976,16,Hudsonro,,N,12,3,135,K. Hunt,RB,KC
2025,alt,1241981499981438976,16,satvikh23,,N,12,4,136,D. Goedert,TE,PHI
2025,alt,1241981499981438976,16,bradysc03,,N,12,5,137,M. Mims,WR,DEN
2025,alt,1241981499981438976,16,ryancann,,N,12,6,138,N. Harris,RB,LAC
2025,alt,1241981499981438976,16,nathanawright24,Nathan,Y,12,7,139,B. Tuten,RB,JAX
2025,alt,1241981499981438976,16,Aiden2435,,N,12,8,140,C. Stroud,QB,HOU
2025,alt,1241981499981438976,16,dolanders,,N,12,9,141,L. Burden,WR,CHI
2025,alt,1241981499981438976,16,Sawftwars1,Jayden,Y,12,10,142,R. Davis,RB,BUF
2025,alt,1241981499981438976,16,NicolasThomas,,N,12,11,143,C. Kirk,WR,HOU
2025,alt,1241981499981438976,16,AsaArnold,Asa,Y,12,12,144,T. Allgeier,RB,ATL
2025,alt,1241981499981438976,16,AsaArnold,Asa,Y,13,1,145,A. Thielen,WR,MIN
2025,alt,1241981499981438976,16,NicolasThomas,,N,13,2,146,C. Williams,QB,CHI
2025,alt,1241981499981438976,16,Sawftwars1,Jayden,Y,13,3,147,J. Bates,K,DET
2025,alt,1241981499981438976,16,dolanders,,N,13,4,148,J. Bech,WR,LV
2025,alt,1241981499981438976,16,Aiden2435,,N,13,5,149,T. Brooks,RB,CIN
2025,alt,1241981499981438976,16,nathanawright24,Nathan,Y,13,6,150,K. Williams,WR,NE
2025,alt,1241981499981438976,16,ryancann,,N,13,7,151,Z. Ertz,TE,WAS
2025,alt,1241981499981438976,16,bradysc03,,N,13,8,152,J. Herbert,QB,LAC
2025,alt,1241981499981438976,16,satvikh23,,N,13,9,153,R. White,RB,TB
2025,alt,1241981499981438976,16,Hudsonro,,N,13,10,154,J. Love,QB,GB
2025,alt,1241981499981438976,16,cmmont13,Colin,Y,13,11,155,R. Dowdle,RB,CAR
2025,alt,1241981499981438976,16,AbubuNoDudu,,N,13,12,156,D. Hopkins,WR,BAL
2025,alt,1241981499981438976,16,AbubuNoDudu,,N,14,1,157,C. Dicker,K,LAC
2025,alt,1241981499981438976,16,cmmont13,Colin,Y,14,2,158,E. Ayomanor,WR,TEN
2025,alt,1241981499981438976,16,Hudsonro,,N,14,3,159,X. Legette,WR,CAR
2025,alt,1241981499981438976,16,satvikh23,,N,14,4,160,R. Bateman,WR,BAL
2025,alt,1241981499981438976,16,bradysc03,,N,14,5,161,A. Cooper,WR,LV
2025,alt,1241981499981438976,16,ryancann,,N,14,6,162,W. Robinson,WR,NYG
2025,alt,1241981499981438976,16,nathanawright24,Nathan,Y,14,7,163,T. Spears,RB,TEN
2025,alt,1241981499981438976,16,Aiden2435,,N,14,8,164,T. Horton,WR,SEA
2025,alt,1241981499981438976,16,dolanders,,N,14,9,165,C. Little,K,JAX
2025,alt,1241981499981438976,16,Sawftwars1,Jayden,Y,14,10,166,C. Okonkwo,TE,TEN
2025,alt,1241981499981438976,16,NicolasThomas,,N,14,11,167,K. Mitchell,RB,BAL
2025,alt,1241981499981438976,16,AsaArnold,Asa,Y,14,12,168,T. Harris,WR,LAC
2025,alt,1241981499981438976,16,AsaArnold,Asa,Y,15,1,169,J. Elliott,K,PHI
2025,alt,1241981499981438976,16,NicolasThomas,,N,15,2,170,I. TeSlaa,WR,DET
2025,alt,1241981499981438976,16,Sawftwars1,Jayden,Y,15,3,171,T. Lawrence,QB,JAX
2025,alt,1241981499981438976,16,dolanders,,N,15,4,172,M. Penix,QB,ATL
2025,alt,1241981499981438976,16,Aiden2435,,N,15,5,173,B. Corum,RB,LAR
2025,alt,1241981499981438976,16,nathanawright24,Nathan,Y,15,6,174,I. Likely,TE,BAL
2025,alt,1241981499981438976,16,ryancann,,N,15,7,175,J. Fields,QB,NYJ
2025,alt,1241981499981438976,16,bradysc03,,N,15,8,176,C. McLaughlin,K,TB
2025,alt,1241981499981438976,16,satvikh23,,N,15,9,177,J. McCarthy,QB,MIN
2025,alt,1241981499981438976,16,Hudsonro,,N,15,10,178,Y. Koo,K,ATL
2025,alt,1241981499981438976,16,cmmont13,Colin,Y,15,11,179,M. Stafford,QB,LAR
2025,alt,1241981499981438976,16,AbubuNoDudu,,N,15,12,180,A. Pierce,WR,IND
2025,alt,1241981499981438976,16,AbubuNoDudu,,N,16,1,181,C. Tillman,WR,CLE
2025,alt,1241981499981438976,16,cmmont13,Colin,Y,16,2,182,T. Tebow,TE,FA
2025,alt,1241981499981438976,16,Hudsonro,,N,16,3,183,W. Marks,RB,HOU
2025,alt,1241981499981438976,16,satvikh23,,N,16,4,184,W. Lutz,K,DEN
2025,alt,1241981499981438976,16,bradysc03,,N,16,5,185,H. Henry,TE,NE
2025,alt,1241981499981438976,16,ryancann,,N,16,6,186,K. Fairbairn,K,HOU
2025,alt,1241981499981438976,16,nathanawright24,Nathan,Y,16,7,187,T. Tagovailoa,QB,MIA
2025,alt,1241981499981438976,16,Aiden2435,,N,16,8,188,C. Boswell,K,PIT
2025,alt,1241981499981438976,16,dolanders,,N,16,9,189,A. Mitchell,WR,IND
2025,alt,1241981499981438976,16,Sawftwars1,Jayden,Y,16,10,190,M. Taylor,TE,NYJ
2025,alt,1241981499981438976,16,NicolasThomas,,N,16,11,191,J. Coker,WR,CAR
2025,alt,1241981499981438976,16,AsaArnold,Asa,Y,16,12,192,I. Guerendo,RB,SF
