rank,player,team,clay_pos_rk,clay_ff_pts,clay_games,clay_rush_att,clay_rush_yds,clay_rush_tds,clay_targets,clay_receptions,clay_rec_yds,clay_rec_tds,clay_carry_share,clay_target_share,mkt_rush_yds,mkt_rec_yds,mkt_rush_tds,mkt_book,mkt_as_of,adj_rush_att,adj_rush_yds,adj_rush_tds,adj_targets,adj_receptions,adj_rec_yds,adj_rec_tds,ppr_clay_17g,ppr_clay_propadj,mkt_vs_clay17_rush_yds,mkt_vs_clayadj_rush_yds,ppr_per_game_propadj,proj_source,proj_as_of,propadj_method
1,Jahmyr Gibbs,DET,1.0,365.0,17.0,283.0,1374.0,14.0,86.0,68.0,546.0,3.0,61.0,16.0,,425.5,,Caesars,2026-06-06,233.1,1131.5,11.5,70.8,56.0,449.6,2.5,362.0,298.11,,,17.54,"Mike Clay / ESPN, 17-game",2026-08-13,"Clay's guidance: minus 3 games (RB) / 2 games (QB,WR,TE)"
2,Bijan Robinson,ATL,2.0,353.0,17.0,287.0,1374.0,8.0,99.0,76.0,707.0,3.0,66.0,18.0,1125.5,600.5,,Caesars,2026-06-06,236.4,1131.5,6.6,81.5,62.6,582.2,2.5,350.1,288.57,-248.5,-6.0,16.97,"Mike Clay / ESPN, 17-game",2026-08-13,"Clay's guidance: minus 3 games (RB) / 2 games (QB,WR,TE)"
3,Christian McCaffrey,SF,3.0,343.0,17.0,274.0,1131.0,9.0,100.0,79.0,685.0,5.0,62.0,19.0,925.5,575.5,,Caesars,2026-06-06,225.6,931.4,7.4,82.4,65.1,564.1,4.1,344.6,283.65,-205.5,-5.9,16.69,"Mike Clay / ESPN, 17-game",2026-08-13,"Clay's guidance: minus 3 games (RB) / 2 games (QB,WR,TE)"
4,Jonathan Taylor,IND,4.0,317.0,17.0,327.0,1510.0,12.0,63.0,51.0,380.0,1.0,78.0,12.0,1250.5,,11.5,Caesars,2026-06-06,269.3,1243.5,9.9,51.9,42.0,312.9,0.8,318.0,261.84,-259.5,7.0,15.4,"Mike Clay / ESPN, 17-game",2026-08-13,"Clay's guidance: minus 3 games (RB) / 2 games (QB,WR,TE)"
5,De'Von Achane,MIA,5.0,293.0,17.0,258.0,1305.0,5.0,80.0,65.0,512.0,3.0,60.0,16.0,975.5,,,Caesars,2026-06-06,212.5,1074.7,4.1,65.9,53.5,421.6,2.5,294.7,242.73,-329.5,-99.2,14.28,"Mike Clay / ESPN, 17-game",2026-08-13,"Clay's guidance: minus 3 games (RB) / 2 games (QB,WR,TE)"
6,James Cook,BUF,7.0,279.0,17.0,300.0,1400.0,11.0,46.0,36.0,302.0,2.0,65.0,9.0,1200.5,,10.5,Caesars,2026-06-06,247.1,1152.9,9.1,37.9,29.6,248.7,1.6,284.2,233.96,-199.5,47.6,13.76,"Mike Clay / ESPN, 17-game",2026-08-13,"Clay's guidance: minus 3 games (RB) / 2 games (QB,WR,TE)"
7,Ashton Jeanty,LV,6.0,281.0,17.0,281.0,1136.0,7.0,87.0,65.0,495.0,2.0,67.0,16.0,,,,,,231.4,935.5,5.8,71.6,53.5,407.6,1.6,282.1,232.21,,,13.66,"Mike Clay / ESPN, 17-game",2026-08-13,"Clay's guidance: minus 3 games (RB) / 2 games (QB,WR,TE)"
8,Jeremiyah Love,ARZ,8.0,279.0,17.0,255.0,1129.0,7.0,86.0,65.0,489.0,2.0,68.0,15.0,,,,,,210.0,929.8,5.8,70.8,53.5,402.7,1.6,280.8,231.15,,,13.6,"Mike Clay / ESPN, 17-game",2026-08-13,"Clay's guidance: minus 3 games (RB) / 2 games (QB,WR,TE)"
9,Breece Hall,NYJ,11.0,273.0,17.0,265.0,1163.0,8.0,64.0,52.0,436.0,3.0,61.0,12.0,,,,,,218.2,957.8,6.6,52.7,42.8,359.1,2.5,277.9,229.09,,,13.48,"Mike Clay / ESPN, 17-game",2026-08-13,"Clay's guidance: minus 3 games (RB) / 2 games (QB,WR,TE)"
10,Saquon Barkley,PHI,10.0,274.0,17.0,301.0,1287.0,9.0,59.0,43.0,371.0,2.0,65.0,12.0,1075.5,,,Caesars,2026-06-06,247.9,1059.9,7.4,48.6,35.4,305.5,1.6,274.8,225.94,-211.5,15.6,13.29,"Mike Clay / ESPN, 17-game",2026-08-13,"Clay's guidance: minus 3 games (RB) / 2 games (QB,WR,TE)"
11,Ken Walker III,KC,12.0,273.0,17.0,276.0,1233.0,9.0,60.0,48.0,375.0,2.0,67.0,11.0,,,,,,227.3,1015.4,7.4,49.4,39.5,308.8,1.6,274.8,225.92,,,13.29,"Mike Clay / ESPN, 17-game",2026-08-13,"Clay's guidance: minus 3 games (RB) / 2 games (QB,WR,TE)"
12,Derrick Henry,BLT,9.0,274.0,17.0,317.0,1482.0,13.0,28.0,21.0,210.0,1.0,65.0,6.0,1120.5,,12.5,Caesars,2026-06-06,261.1,1220.5,10.7,23.1,17.3,172.9,0.8,274.2,225.64,-361.5,-100.0,13.27,"Mike Clay / ESPN, 17-game",2026-08-13,"Clay's guidance: minus 3 games (RB) / 2 games (QB,WR,TE)"
13,Chase Brown,CIN,13.0,272.0,17.0,240.0,1046.0,7.0,80.0,64.0,434.0,3.0,59.0,14.0,,,,,,197.6,861.4,5.8,65.9,52.7,357.4,2.5,272.0,224.38,,,13.2,"Mike Clay / ESPN, 17-game",2026-08-13,"Clay's guidance: minus 3 games (RB) / 2 games (QB,WR,TE)"
14,Josh Jacobs,GB,15.0,260.0,17.0,278.0,1146.0,12.0,47.0,36.0,281.0,2.0,62.0,9.0,,,,,,228.9,943.8,9.9,38.7,29.6,231.4,1.6,262.7,216.12,,,12.71,"Mike Clay / ESPN, 17-game",2026-08-13,"Clay's guidance: minus 3 games (RB) / 2 games (QB,WR,TE)"
15,Javonte Williams,DAL,16.0,259.0,17.0,287.0,1256.0,11.0,51.0,37.0,218.0,2.0,65.0,9.0,1000.5,,9.5,Caesars,2026-06-06,236.4,1034.4,9.1,42.0,30.5,179.5,1.6,262.4,216.09,-255.5,-33.9,12.71,"Mike Clay / ESPN, 17-game",2026-08-13,"Clay's guidance: minus 3 games (RB) / 2 games (QB,WR,TE)"
16,Omarion Hampton,LAC,14.0,261.0,17.0,254.0,1082.0,9.0,64.0,52.0,362.0,2.0,61.0,12.0,,,,,,209.2,891.1,7.4,52.7,42.8,298.1,1.6,262.4,215.72,,,12.69,"Mike Clay / ESPN, 17-game",2026-08-13,"Clay's guidance: minus 3 games (RB) / 2 games (QB,WR,TE)"
17,Cam Skattebo,NYG,17.0,242.0,17.0,249.0,1047.0,7.0,61.0,49.0,365.0,2.0,56.0,12.0,,,,,,205.1,862.2,5.8,50.2,40.4,300.6,1.6,244.2,201.08,,,11.83,"Mike Clay / ESPN, 17-game",2026-08-13,"Clay's guidance: minus 3 games (RB) / 2 games (QB,WR,TE)"
18,Travis Etienne,NO,18.0,242.0,17.0,258.0,1120.0,6.0,60.0,45.0,376.0,2.0,60.0,11.0,,,,,,212.5,922.4,4.9,49.4,37.1,309.6,1.6,242.6,199.3,,,11.72,"Mike Clay / ESPN, 17-game",2026-08-13,"Clay's guidance: minus 3 games (RB) / 2 games (QB,WR,TE)"
19,Kyren Williams,LAR,19.0,232.0,17.0,237.0,1071.0,10.0,45.0,33.0,224.0,2.0,52.0,8.0,1000.5,,,Caesars,2026-06-06,195.2,882.0,8.2,37.1,27.2,184.5,1.6,234.5,192.65,-70.5,118.5,11.33,"Mike Clay / ESPN, 17-game",2026-08-13,"Clay's guidance: minus 3 games (RB) / 2 games (QB,WR,TE)"
20,Quinshon Judkins,CLV,20.0,225.0,17.0,316.0,1240.0,7.0,41.0,32.0,221.0,1.0,74.0,8.0,,,,,,260.2,1021.2,5.8,33.8,26.4,182.0,0.8,226.1,186.32,,,10.96,"Mike Clay / ESPN, 17-game",2026-08-13,"Clay's guidance: minus 3 games (RB) / 2 games (QB,WR,TE)"
21,TreVeyon Henderson,NE,22.0,208.0,17.0,194.0,854.0,7.0,52.0,43.0,300.0,2.0,47.0,10.0,,,,,,159.8,703.3,5.8,42.8,35.4,247.1,1.6,212.4,174.84,,,10.28,"Mike Clay / ESPN, 17-game",2026-08-13,"Clay's guidance: minus 3 games (RB) / 2 games (QB,WR,TE)"
22,D'Andre Swift,CHI,21.0,212.0,17.0,219.0,995.0,8.0,41.0,30.0,270.0,1.0,48.0,8.0,,,,,,180.4,819.4,6.6,33.8,24.7,222.4,0.8,210.5,173.28,,,10.19,"Mike Clay / ESPN, 17-game",2026-08-13,"Clay's guidance: minus 3 games (RB) / 2 games (QB,WR,TE)"
23,Bucky Irving,TB,23.0,208.0,17.0,244.0,994.0,5.0,45.0,37.0,294.0,2.0,56.0,9.0,,,,,,200.9,818.6,4.1,37.1,30.5,242.1,1.6,207.8,170.77,,,10.05,"Mike Clay / ESPN, 17-game",2026-08-13,"Clay's guidance: minus 3 games (RB) / 2 games (QB,WR,TE)"
24,Bhayshul Tuten,JAX,24.0,205.0,17.0,237.0,991.0,7.0,45.0,34.0,250.0,1.0,59.0,8.0,,,,,,195.2,816.1,5.8,37.1,28.0,205.9,0.8,206.1,169.8,,,9.99,"Mike Clay / ESPN, 17-game",2026-08-13,"Clay's guidance: minus 3 games (RB) / 2 games (QB,WR,TE)"
25,Rhamondre Stevenson,NE,28.0,191.0,17.0,169.0,722.0,7.0,47.0,38.0,313.0,2.0,41.0,9.0,,,,,,139.2,594.6,5.8,38.7,31.3,257.8,1.6,195.5,160.94,,,9.47,"Mike Clay / ESPN, 17-game",2026-08-13,"Clay's guidance: minus 3 games (RB) / 2 games (QB,WR,TE)"
26,David Montgomery,HST,26.0,192.0,17.0,214.0,930.0,7.0,38.0,31.0,231.0,1.0,51.0,7.0,,,,,,176.2,765.9,5.8,31.3,25.5,190.2,0.8,195.1,160.71,,,9.45,"Mike Clay / ESPN, 17-game",2026-08-13,"Clay's guidance: minus 3 games (RB) / 2 games (QB,WR,TE)"
27,Jadarian Price,SEA,25.0,194.0,17.0,223.0,923.0,8.0,35.0,27.0,212.0,1.0,48.0,7.0,,,,,,183.6,760.1,6.6,28.8,22.2,174.6,0.8,194.5,160.07,,,9.42,"Mike Clay / ESPN, 17-game",2026-08-13,"Clay's guidance: minus 3 games (RB) / 2 games (QB,WR,TE)"
28,Tony Pollard,TEN,29.0,190.0,17.0,247.0,1076.0,6.0,39.0,30.0,181.0,0.0,61.0,7.0,,,,,,203.4,886.1,4.9,32.1,24.7,149.1,0.0,191.7,157.62,,,9.27,"Mike Clay / ESPN, 17-game",2026-08-13,"Clay's guidance: minus 3 games (RB) / 2 games (QB,WR,TE)"
29,Aaron Jones,MIN,30.0,189.0,17.0,170.0,740.0,4.0,61.0,47.0,344.0,2.0,42.0,11.0,,,,,,140.0,609.4,3.3,50.2,38.7,283.3,1.6,191.4,157.37,,,9.26,"Mike Clay / ESPN, 17-game",2026-08-13,"Clay's guidance: minus 3 games (RB) / 2 games (QB,WR,TE)"
30,Jaylen Warren,PIT,27.0,191.0,17.0,180.0,790.0,4.0,57.0,46.0,320.0,1.0,42.0,10.0,,,,,,148.2,650.6,3.3,46.9,37.9,263.5,0.8,187.0,153.91,,,9.05,"Mike Clay / ESPN, 17-game",2026-08-13,"Clay's guidance: minus 3 games (RB) / 2 games (QB,WR,TE)"
31,Rico Dowdle,PIT,31.0,186.0,17.0,223.0,973.0,5.0,40.0,29.0,211.0,1.0,52.0,7.0,,,,,,183.6,801.3,4.1,32.9,23.9,173.8,0.8,183.4,150.81,,,8.87,"Mike Clay / ESPN, 17-game",2026-08-13,"Clay's guidance: minus 3 games (RB) / 2 games (QB,WR,TE)"
32,Kenneth Gainwell,TB,33.0,178.0,17.0,118.0,522.0,5.0,64.0,52.0,342.0,2.0,27.0,12.0,,,,,,97.2,429.9,4.1,52.7,42.8,281.6,1.6,180.4,148.15,,,8.71,"Mike Clay / ESPN, 17-game",2026-08-13,"Clay's guidance: minus 3 games (RB) / 2 games (QB,WR,TE)"
33,Chuba Hubbard,CAR,32.0,182.0,17.0,193.0,776.0,4.0,52.0,41.0,299.0,1.0,47.0,10.0,,,,,,158.9,639.1,3.3,42.8,33.8,246.2,0.8,178.5,146.93,,,8.64,"Mike Clay / ESPN, 17-game",2026-08-13,"Clay's guidance: minus 3 games (RB) / 2 games (QB,WR,TE)"
34,J.K. Dobbins,DEN,36.0,172.0,17.0,213.0,994.0,7.0,23.0,17.0,105.0,1.0,52.0,4.0,,,,,,175.4,818.6,5.8,18.9,14.0,86.5,0.8,174.9,144.11,,,8.48,"Mike Clay / ESPN, 17-game",2026-08-13,"Clay's guidance: minus 3 games (RB) / 2 games (QB,WR,TE)"
35,Rachaad White,WAS,35.0,173.0,17.0,135.0,567.0,5.0,52.0,45.0,298.0,2.0,33.0,10.0,,,,,,111.2,466.9,4.1,42.8,37.1,245.4,1.6,173.5,142.53,,,8.38,"Mike Clay / ESPN, 17-game",2026-08-13,"Clay's guidance: minus 3 games (RB) / 2 games (QB,WR,TE)"
36,Kyle Monangai,CHI,34.0,176.0,17.0,192.0,826.0,6.0,36.0,26.0,215.0,1.0,42.0,7.0,,,,,,158.1,680.2,4.9,29.6,21.4,177.1,0.8,172.1,141.33,,,8.31,"Mike Clay / ESPN, 17-game",2026-08-13,"Clay's guidance: minus 3 games (RB) / 2 games (QB,WR,TE)"
37,RJ Harvey,DEN,37.0,167.0,17.0,106.0,431.0,4.0,62.0,49.0,366.0,3.0,26.0,11.0,,,,,,87.3,354.9,3.3,51.1,40.4,301.4,2.5,170.7,140.83,,,8.28,"Mike Clay / ESPN, 17-game",2026-08-13,"Clay's guidance: minus 3 games (RB) / 2 games (QB,WR,TE)"
38,Jonathon Brooks,CAR,38.0,162.0,17.0,177.0,742.0,4.0,42.0,33.0,246.0,1.0,43.0,8.0,,,,,,145.8,611.1,3.3,34.6,27.2,202.6,0.8,161.8,133.17,,,7.83,"Mike Clay / ESPN, 17-game",2026-08-13,"Clay's guidance: minus 3 games (RB) / 2 games (QB,WR,TE)"
39,Blake Corum,LAR,39.0,159.0,17.0,182.0,838.0,7.0,22.0,17.0,117.0,1.0,40.0,4.0,,,,,,149.9,690.1,5.8,18.1,14.0,96.4,0.8,160.5,132.25,,,7.78,"Mike Clay / ESPN, 17-game",2026-08-13,"Clay's guidance: minus 3 games (RB) / 2 games (QB,WR,TE)"
40,Tyjae Spears,TEN,41.0,149.0,17.0,97.0,411.0,3.0,61.0,50.0,333.0,2.0,24.0,11.0,,,,,,79.9,338.5,2.5,50.2,41.2,274.2,1.6,154.4,127.07,,,7.47,"Mike Clay / ESPN, 17-game",2026-08-13,"Clay's guidance: minus 3 games (RB) / 2 games (QB,WR,TE)"
41,Jacory Croskey-Merritt,WAS,40.0,151.0,17.0,196.0,846.0,7.0,15.0,12.0,89.0,1.0,48.0,3.0,,,,,,161.4,696.7,5.8,12.4,9.9,73.3,0.8,153.5,126.5,,,7.44,"Mike Clay / ESPN, 17-game",2026-08-13,"Clay's guidance: minus 3 games (RB) / 2 games (QB,WR,TE)"
42,Isiah Pacheco,DET,46.0,124.0,17.0,149.0,640.0,5.0,21.0,17.0,114.0,1.0,32.0,4.0,,,,,,122.7,527.1,4.1,17.3,14.0,93.9,0.8,128.4,105.5,,,6.21,"Mike Clay / ESPN, 17-game",2026-08-13,"Clay's guidance: minus 3 games (RB) / 2 games (QB,WR,TE)"
43,Woody Marks,HST,44.0,128.0,17.0,143.0,579.0,3.0,33.0,24.0,201.0,1.0,34.0,6.0,,,,,,117.8,476.8,2.5,27.2,19.8,165.5,0.8,126.0,103.83,,,6.11,"Mike Clay / ESPN, 17-game",2026-08-13,"Clay's guidance: minus 3 games (RB) / 2 games (QB,WR,TE)"
44,Jordan Mason,MIN,43.0,130.0,17.0,162.0,749.0,5.0,17.0,13.0,83.0,0.0,40.0,3.0,,,,,,133.4,616.8,4.1,14.0,10.7,68.4,0.0,126.2,103.82,,,6.11,"Mike Clay / ESPN, 17-game",2026-08-13,"Clay's guidance: minus 3 games (RB) / 2 games (QB,WR,TE)"
45,Alvin Kamara,NO,45.0,127.0,17.0,125.0,500.0,2.0,44.0,35.0,232.0,1.0,29.0,8.0,,,,,,102.9,411.8,1.6,36.2,28.8,191.1,0.8,126.2,103.49,,,6.09,"Mike Clay / ESPN, 17-game",2026-08-13,"Clay's guidance: minus 3 games (RB) / 2 games (QB,WR,TE)"
46,Zach Charbonnet,SEA,42.0,134.0,11.0,137.0,555.0,7.0,26.0,20.0,145.0,0.0,30.0,5.0,,,,,,99.6,403.6,5.1,18.9,14.5,105.5,0.0,132.0,96.01,,,8.73,"Mike Clay / ESPN, 17-game",2026-08-13,"Clay's guidance: minus 3 games (RB) / 2 games (QB,WR,TE)"
47,Justice Hill,BLT,47.0,114.0,17.0,49.0,223.0,1.0,51.0,39.0,349.0,2.0,10.0,11.0,,,,,,40.4,183.6,0.8,42.0,32.1,287.4,1.6,114.2,93.6,,,5.51,"Mike Clay / ESPN, 17-game",2026-08-13,"Clay's guidance: minus 3 games (RB) / 2 games (QB,WR,TE)"
48,Samaje Perine,CIN,48.0,101.0,17.0,102.0,444.0,3.0,23.0,19.0,139.0,1.0,25.0,4.0,,,,,,84.0,365.6,2.5,18.9,15.6,114.5,0.8,101.3,83.41,,,4.91,"Mike Clay / ESPN, 17-game",2026-08-13,"Clay's guidance: minus 3 games (RB) / 2 games (QB,WR,TE)"
49,Brian Robinson Jr.,ATL,49.0,94.0,17.0,135.0,561.0,4.0,11.0,9.0,59.0,0.0,31.0,2.0,,,,,,111.2,462.0,3.3,9.1,7.4,48.6,0.0,95.0,78.26,,,4.6,"Mike Clay / ESPN, 17-game",2026-08-13,"Clay's guidance: minus 3 games (RB) / 2 games (QB,WR,TE)"
50,Tyrone Tracy Jr.,NYG,52.0,87.0,17.0,111.0,474.0,2.0,20.0,16.0,117.0,1.0,25.0,4.0,,,,,,91.4,390.4,1.6,16.5,13.2,96.4,0.8,93.1,76.28,,,4.49,"Mike Clay / ESPN, 17-game",2026-08-13,"Clay's guidance: minus 3 games (RB) / 2 games (QB,WR,TE)"
51,Keaton Mitchell,LAC,50.0,94.0,17.0,83.0,392.0,2.0,27.0,20.0,156.0,1.0,20.0,5.0,,,,,,68.4,322.8,1.6,22.2,16.5,128.5,0.8,92.8,76.03,,,4.47,"Mike Clay / ESPN, 17-game",2026-08-13,"Clay's guidance: minus 3 games (RB) / 2 games (QB,WR,TE)"
52,Tyler Allgeier,ARZ,51.0,91.0,17.0,97.0,385.0,3.0,23.0,18.0,126.0,0.0,26.0,4.0,,,,,,79.9,317.1,2.5,18.9,14.8,103.8,0.0,87.1,71.89,,,4.23,"Mike Clay / ESPN, 17-game",2026-08-13,"Clay's guidance: minus 3 games (RB) / 2 games (QB,WR,TE)"
53,Dylan Sampson,CLV,53.0,87.0,17.0,55.0,227.0,1.0,36.0,30.0,207.0,1.0,13.0,7.0,,,,,,45.3,186.9,0.8,29.6,24.7,170.5,0.8,85.4,70.04,,,4.12,"Mike Clay / ESPN, 17-game",2026-08-13,"Clay's guidance: minus 3 games (RB) / 2 games (QB,WR,TE)"
54,MarShawn Lloyd,GB,55.0,79.0,17.0,90.0,382.0,3.0,16.0,12.0,85.0,1.0,20.0,3.0,,,,,,74.1,314.6,2.5,13.2,9.9,70.0,0.8,82.7,68.16,,,4.01,"Mike Clay / ESPN, 17-game",2026-08-13,"Clay's guidance: minus 3 games (RB) / 2 games (QB,WR,TE)"
55,Ty Johnson,BUF,54.0,85.0,17.0,51.0,219.0,2.0,31.0,22.0,208.0,1.0,11.0,6.0,,,,,,42.0,180.4,1.6,25.5,18.1,171.3,0.8,82.7,67.67,,,3.98,"Mike Clay / ESPN, 17-game",2026-08-13,"Clay's guidance: minus 3 games (RB) / 2 games (QB,WR,TE)"
56,Braelon Allen,NYJ,56.0,76.0,17.0,83.0,348.0,3.0,16.0,13.0,90.0,0.0,19.0,3.0,,,,,,68.4,286.6,2.5,13.2,10.7,74.1,0.0,74.8,61.77,,,3.63,"Mike Clay / ESPN, 17-game",2026-08-13,"Clay's guidance: minus 3 games (RB) / 2 games (QB,WR,TE)"
57,Chris Rodriguez,JAX,57.0,71.0,17.0,100.0,431.0,3.0,6.0,4.0,29.0,0.0,25.0,1.0,,,,,,82.4,354.9,2.5,4.9,3.3,23.9,0.0,68.0,56.18,,,3.3,"Mike Clay / ESPN, 17-game",2026-08-13,"Clay's guidance: minus 3 games (RB) / 2 games (QB,WR,TE)"
58,Emari Demercado,KC,60.0,63.0,17.0,54.0,255.0,1.0,22.0,16.0,108.0,1.0,13.0,4.0,,,,,,44.5,210.0,0.8,18.1,13.2,88.9,0.8,64.3,52.69,,,3.1,"Mike Clay / ESPN, 17-game",2026-08-13,"Clay's guidance: minus 3 games (RB) / 2 games (QB,WR,TE)"
59,Tank Bigsby,PHI,59.0,64.0,17.0,83.0,373.0,3.0,5.0,4.0,29.0,0.0,18.0,1.0,,,,,,68.4,307.2,2.5,4.1,3.3,23.9,0.0,62.2,51.41,,,3.02,"Mike Clay / ESPN, 17-game",2026-08-13,"Clay's guidance: minus 3 games (RB) / 2 games (QB,WR,TE)"
60,Mike Washington Jr.,LV,58.0,65.0,17.0,89.0,365.0,2.0,11.0,8.0,60.0,0.0,21.0,2.0,,,,,,73.3,300.6,1.6,9.1,6.6,49.4,0.0,62.5,51.2,,,3.01,"Mike Clay / ESPN, 17-game",2026-08-13,"Clay's guidance: minus 3 games (RB) / 2 games (QB,WR,TE)"
61,Jordan James,SF,61.0,61.0,17.0,75.0,321.0,2.0,11.0,8.0,63.0,0.0,17.0,2.0,,,,,,61.8,264.4,1.6,9.1,6.6,51.9,0.0,58.4,47.83,,,2.81,"Mike Clay / ESPN, 17-game",2026-08-13,"Clay's guidance: minus 3 games (RB) / 2 games (QB,WR,TE)"
62,Chris Brooks,GB,67.0,44.0,17.0,22.0,99.0,1.0,21.0,16.0,111.0,1.0,5.0,4.0,,,,,,18.1,81.5,0.8,17.3,13.2,91.4,0.8,49.0,40.09,,,2.36,"Mike Clay / ESPN, 17-game",2026-08-13,"Clay's guidance: minus 3 games (RB) / 2 games (QB,WR,TE)"
63,Jaydon Blue,DAL,63.0,47.0,17.0,49.0,205.0,2.0,11.0,9.0,62.0,0.0,11.0,2.0,,,,,,40.4,168.8,1.6,9.1,7.4,51.1,0.0,47.7,38.99,,,2.29,"Mike Clay / ESPN, 17-game",2026-08-13,"Clay's guidance: minus 3 games (RB) / 2 games (QB,WR,TE)"
64,Isaiah Davis,NYJ,62.0,51.0,17.0,39.0,178.0,1.0,16.0,13.0,95.0,0.0,9.0,3.0,,,,,,32.1,146.6,0.8,13.2,10.7,78.2,0.0,46.3,37.98,,,2.23,"Mike Clay / ESPN, 17-game",2026-08-13,"Clay's guidance: minus 3 games (RB) / 2 games (QB,WR,TE)"
65,Emmett Johnson,KC,65.0,46.0,17.0,49.0,205.0,2.0,11.0,8.0,59.0,0.0,12.0,2.0,,,,,,40.4,168.8,1.6,9.1,6.6,48.6,0.0,46.4,37.94,,,2.23,"Mike Clay / ESPN, 17-game",2026-08-13,"Clay's guidance: minus 3 games (RB) / 2 games (QB,WR,TE)"
66,LeQuint Allen,JAX,64.0,46.0,17.0,8.0,34.0,0.0,28.0,22.0,148.0,1.0,2.0,5.0,,,,,,6.6,28.0,0.0,23.1,18.1,121.9,0.8,46.2,37.89,,,2.23,"Mike Clay / ESPN, 17-game",2026-08-13,"Clay's guidance: minus 3 games (RB) / 2 games (QB,WR,TE)"
67,Jonah Coleman,DEN,70.0,41.0,17.0,25.0,102.0,1.0,17.0,13.0,94.0,1.0,6.0,3.0,,,,,,20.6,84.0,0.8,14.0,10.7,77.4,0.8,44.6,36.44,,,2.14,"Mike Clay / ESPN, 17-game",2026-08-13,"Clay's guidance: minus 3 games (RB) / 2 games (QB,WR,TE)"
68,Kyle Juszczyk,SF,66.0,45.0,17.0,4.0,19.0,0.0,26.0,20.0,162.0,1.0,1.0,5.0,,,,,,3.3,15.6,0.0,21.4,16.5,133.4,0.8,44.1,36.2,,,2.13,"Mike Clay / ESPN, 17-game",2026-08-13,"Clay's guidance: minus 3 games (RB) / 2 games (QB,WR,TE)"
69,George Holani,SEA,69.0,41.0,17.0,39.0,164.0,2.0,11.0,8.0,62.0,0.0,8.0,2.0,,,,,,32.1,135.1,1.6,9.1,6.6,51.1,0.0,42.6,34.82,,,2.05,"Mike Clay / ESPN, 17-game",2026-08-13,"Clay's guidance: minus 3 games (RB) / 2 games (QB,WR,TE)"
70,Jaylen Wright,MIA,68.0,43.0,17.0,56.0,233.0,1.0,10.0,7.0,56.0,0.0,13.0,2.0,,,,,,46.1,191.9,0.8,8.2,5.8,46.1,0.0,41.9,34.4,,,2.02,"Mike Clay / ESPN, 17-game",2026-08-13,"Clay's guidance: minus 3 games (RB) / 2 games (QB,WR,TE)"
71,DJ Giddens,IND,74.0,36.0,17.0,34.0,141.0,1.0,10.0,9.0,57.0,0.0,8.0,2.0,,,,,,28.0,116.1,0.8,8.2,7.4,46.9,0.0,34.8,28.5,,,1.68,"Mike Clay / ESPN, 17-game",2026-08-13,"Clay's guidance: minus 3 games (RB) / 2 games (QB,WR,TE)"
72,Kimani Vidal,LAC,73.0,36.0,17.0,33.0,136.0,1.0,11.0,8.0,63.0,0.0,8.0,2.0,,,,,,27.2,112.0,0.8,9.1,6.6,51.9,0.0,33.9,27.79,,,1.63,"Mike Clay / ESPN, 17-game",2026-08-13,"Clay's guidance: minus 3 games (RB) / 2 games (QB,WR,TE)"
73,Ray Davis,BUF,71.0,38.0,17.0,32.0,138.0,1.0,10.0,8.0,60.0,0.0,7.0,2.0,,,,,,26.4,113.6,0.8,8.2,6.6,49.4,0.0,33.8,27.7,,,1.63,"Mike Clay / ESPN, 17-game",2026-08-13,"Clay's guidance: minus 3 games (RB) / 2 games (QB,WR,TE)"
74,Sean Tucker,TB,72.0,37.0,17.0,44.0,183.0,2.0,3.0,2.0,14.0,0.0,10.0,1.0,,,,,,36.2,150.7,1.6,2.5,1.6,11.5,0.0,33.7,27.42,,,1.61,"Mike Clay / ESPN, 17-game",2026-08-13,"Clay's guidance: minus 3 games (RB) / 2 games (QB,WR,TE)"
75,Ollie Gordon II,MIA,76.0,35.0,17.0,49.0,203.0,1.0,5.0,4.0,28.0,0.0,12.0,1.0,,,,,,40.4,167.2,0.8,4.1,3.3,23.1,0.0,33.1,27.13,,,1.6,"Mike Clay / ESPN, 17-game",2026-08-13,"Clay's guidance: minus 3 games (RB) / 2 games (QB,WR,TE)"
76,Malik Davis,DAL,75.0,36.0,17.0,44.0,192.0,1.0,6.0,4.0,30.0,0.0,10.0,1.0,,,,,,36.2,158.1,0.8,4.9,3.3,24.7,0.0,32.2,26.38,,,1.55,"Mike Clay / ESPN, 17-game",2026-08-13,"Clay's guidance: minus 3 games (RB) / 2 games (QB,WR,TE)"
77,Kaelon Black,SF,77.0,29.0,17.0,35.0,147.0,1.0,5.0,4.0,31.0,0.0,8.0,1.0,,,,,,28.8,121.1,0.8,4.1,3.3,25.5,0.0,27.8,22.76,,,1.34,"Mike Clay / ESPN, 17-game",2026-08-13,"Clay's guidance: minus 3 games (RB) / 2 games (QB,WR,TE)"
78,Adam Randall,BLT,79.0,25.0,17.0,29.0,121.0,1.0,5.0,4.0,29.0,0.0,6.0,1.0,,,,,,23.9,99.6,0.8,4.1,3.3,23.9,0.0,25.0,20.45,,,1.2,"Mike Clay / ESPN, 17-game",2026-08-13,"Clay's guidance: minus 3 games (RB) / 2 games (QB,WR,TE)"
79,Demond Claiborne,MIN,81.0,24.0,17.0,26.0,110.0,1.0,6.0,5.0,29.0,0.0,7.0,1.0,,,,,,21.4,90.6,0.8,4.9,4.1,23.9,0.0,24.9,20.35,,,1.2,"Mike Clay / ESPN, 17-game",2026-08-13,"Clay's guidance: minus 3 games (RB) / 2 games (QB,WR,TE)"
80,Will Shipley,PHI,78.0,28.0,17.0,9.0,40.0,0.0,15.0,11.0,83.0,0.0,2.0,3.0,,,,,,7.4,32.9,0.0,12.4,9.1,68.4,0.0,23.3,19.23,,,1.13,"Mike Clay / ESPN, 17-game",2026-08-13,"Clay's guidance: minus 3 games (RB) / 2 games (QB,WR,TE)"
81,Devin Singletary,NYG,82.0,20.0,17.0,22.0,89.0,1.0,5.0,4.0,26.0,0.0,5.0,1.0,,,,,,18.1,73.3,0.8,4.1,3.3,21.4,0.0,21.5,17.57,,,1.03,"Mike Clay / ESPN, 17-game",2026-08-13,"Clay's guidance: minus 3 games (RB) / 2 games (QB,WR,TE)"
82,Nicholas Singleton,TEN,83.0,20.0,17.0,20.0,83.0,1.0,6.0,4.0,30.0,0.0,5.0,1.0,,,,,,16.5,68.4,0.8,4.9,3.3,24.7,0.0,21.3,17.41,,,1.02,"Mike Clay / ESPN, 17-game",2026-08-13,"Clay's guidance: minus 3 games (RB) / 2 games (QB,WR,TE)"
83,Hunter Luepke,DAL,80.0,25.0,17.0,13.0,56.0,0.0,11.0,9.0,62.0,0.0,3.0,2.0,,,,,,10.7,46.1,0.0,9.1,7.4,51.1,0.0,20.8,17.12,,,1.01,"Mike Clay / ESPN, 17-game",2026-08-13,"Clay's guidance: minus 3 games (RB) / 2 games (QB,WR,TE)"
84,Tahj Brooks,CIN,85.0,18.0,17.0,31.0,129.0,1.0,0.0,0.0,0.0,0.0,8.0,0.0,,,,,,25.5,106.2,0.8,0.0,0.0,0.0,0.0,18.9,15.42,,,0.91,"Mike Clay / ESPN, 17-game",2026-08-13,"Clay's guidance: minus 3 games (RB) / 2 games (QB,WR,TE)"
85,Tyler Badie,DEN,84.0,19.0,17.0,4.0,18.0,0.0,11.0,8.0,65.0,0.0,1.0,2.0,,,,,,3.3,14.8,0.0,9.1,6.6,53.5,0.0,16.3,13.43,,,0.79,"Mike Clay / ESPN, 17-game",2026-08-13,"Clay's guidance: minus 3 games (RB) / 2 games (QB,WR,TE)"
86,Alec Ingold,LAC,87.0,16.0,17.0,2.0,9.0,0.0,11.0,8.0,58.0,0.0,1.0,2.0,,,,,,1.6,7.4,0.0,9.1,6.6,47.8,0.0,14.7,12.12,,,0.71,"Mike Clay / ESPN, 17-game",2026-08-13,"Clay's guidance: minus 3 games (RB) / 2 games (QB,WR,TE)"
87,Trevor Etienne,CAR,86.0,17.0,17.0,12.0,52.0,0.0,5.0,4.0,29.0,0.0,3.0,1.0,,,,,,9.9,42.8,0.0,4.1,3.3,23.9,0.0,12.1,9.97,,,0.59,"Mike Clay / ESPN, 17-game",2026-08-13,"Clay's guidance: minus 3 games (RB) / 2 games (QB,WR,TE)"
88,Seth McGowan,IND,89.0,16.0,17.0,13.0,52.0,0.0,5.0,4.0,29.0,0.0,3.0,1.0,,,,,,10.7,42.8,0.0,4.1,3.3,23.9,0.0,12.1,9.97,,,0.59,"Mike Clay / ESPN, 17-game",2026-08-13,"Clay's guidance: minus 3 games (RB) / 2 games (QB,WR,TE)"
89,Kaytron Allen,WAS,88.0,16.0,17.0,12.0,51.0,0.0,5.0,4.0,29.0,0.0,3.0,1.0,,,,,,9.9,42.0,0.0,4.1,3.3,23.9,0.0,12.0,9.89,,,0.58,"Mike Clay / ESPN, 17-game",2026-08-13,"Clay's guidance: minus 3 games (RB) / 2 games (QB,WR,TE)"
90,Adam Prentice,DEN,90.0,10.0,17.0,4.0,17.0,0.0,6.0,4.0,30.0,0.0,1.0,1.0,,,,,,3.3,14.0,0.0,4.9,3.3,24.7,0.0,8.7,7.17,,,0.42,"Mike Clay / ESPN, 17-game",2026-08-13,"Clay's guidance: minus 3 games (RB) / 2 games (QB,WR,TE)"
91,Connor Heyward,LV,91.0,10.0,17.0,4.0,18.0,0.0,5.0,4.0,29.0,0.0,1.0,1.0,,,,,,3.3,14.8,0.0,4.1,3.3,23.9,0.0,8.7,7.17,,,0.42,"Mike Clay / ESPN, 17-game",2026-08-13,"Clay's guidance: minus 3 games (RB) / 2 games (QB,WR,TE)"
92,Max Bredeson,MIN,94.0,10.0,17.0,2.0,8.0,0.0,6.0,5.0,29.0,0.0,1.0,1.0,,,,,,1.6,6.6,0.0,4.9,4.1,23.9,0.0,8.7,7.15,,,0.42,"Mike Clay / ESPN, 17-game",2026-08-13,"Clay's guidance: minus 3 games (RB) / 2 games (QB,WR,TE)"
93,Michael Burton,CLV,92.0,10.0,17.0,4.0,18.0,0.0,5.0,4.0,26.0,0.0,1.0,1.0,,,,,,3.3,14.8,0.0,4.1,3.3,21.4,0.0,8.4,6.92,,,0.41,"Mike Clay / ESPN, 17-game",2026-08-13,"Clay's guidance: minus 3 games (RB) / 2 games (QB,WR,TE)"
94,Reggie Gilliam,NE,97.0,8.0,17.0,0.0,0.0,0.0,5.0,4.0,30.0,0.0,0.0,1.0,,,,,,0.0,0.0,0.0,4.1,3.3,24.7,0.0,7.0,5.77,,,0.34,"Mike Clay / ESPN, 17-game",2026-08-13,"Clay's guidance: minus 3 games (RB) / 2 games (QB,WR,TE)"
95,Riley Nowakowski,PIT,96.0,8.0,17.0,0.0,0.0,0.0,6.0,4.0,29.0,0.0,0.0,1.0,,,,,,0.0,0.0,0.0,4.9,3.3,23.9,0.0,6.9,5.69,,,0.33,"Mike Clay / ESPN, 17-game",2026-08-13,"Clay's guidance: minus 3 games (RB) / 2 games (QB,WR,TE)"
96,Andrew Beck,NYJ,95.0,8.0,17.0,0.0,0.0,0.0,5.0,4.0,28.0,0.0,0.0,1.0,,,,,,0.0,0.0,0.0,4.1,3.3,23.1,0.0,6.8,5.61,,,0.33,"Mike Clay / ESPN, 17-game",2026-08-13,"Clay's guidance: minus 3 games (RB) / 2 games (QB,WR,TE)"
97,Patrick Ricard,NYG,98.0,7.0,17.0,0.0,0.0,0.0,5.0,4.0,27.0,0.0,0.0,1.0,,,,,,0.0,0.0,0.0,4.1,3.3,22.2,0.0,6.7,5.52,,,0.32,"Mike Clay / ESPN, 17-game",2026-08-13,"Clay's guidance: minus 3 games (RB) / 2 games (QB,WR,TE)"
98,Kendre Miller,NO,99.0,7.0,17.0,13.0,55.0,0.0,0.0,0.0,0.0,0.0,3.0,0.0,,,,,,10.7,45.3,0.0,0.0,0.0,0.0,0.0,5.5,4.53,,,0.27,"Mike Clay / ESPN, 17-game",2026-08-13,"Clay's guidance: minus 3 games (RB) / 2 games (QB,WR,TE)"
99,Jawhar Jordan,HST,100.0,7.0,17.0,13.0,54.0,0.0,0.0,0.0,0.0,0.0,3.0,0.0,,,,,,10.7,44.5,0.0,0.0,0.0,0.0,0.0,5.4,4.45,,,0.26,"Mike Clay / ESPN, 17-game",2026-08-13,"Clay's guidance: minus 3 games (RB) / 2 games (QB,WR,TE)"
100,Emanuel Wilson,SEA,93.0,10.0,6.0,11.0,48.0,0.0,2.0,1.0,10.0,0.0,2.0,0.0,,,,,,5.5,24.0,0.0,1.0,0.5,5.0,0.0,6.8,3.4,,,0.57,"Mike Clay / ESPN, 17-game",2026-08-13,"Clay's guidance: minus 3 games (RB) / 2 games (QB,WR,TE)"
101,Kaleb Johnson,PIT,101.0,5.0,17.0,9.0,36.0,0.0,0.0,0.0,0.0,0.0,2.0,0.0,,,,,,7.4,29.6,0.0,0.0,0.0,0.0,0.0,3.6,2.96,,,0.17,"Mike Clay / ESPN, 17-game",2026-08-13,"Clay's guidance: minus 3 games (RB) / 2 games (QB,WR,TE)"
102,British Brooks,HST,102.0,2.0,17.0,4.0,18.0,0.0,0.0,0.0,0.0,0.0,1.0,0.0,,,,,,3.3,14.8,0.0,0.0,0.0,0.0,0.0,1.8,1.48,,,0.09,"Mike Clay / ESPN, 17-game",2026-08-13,"Clay's guidance: minus 3 games (RB) / 2 games (QB,WR,TE)"
103,Kene Nwangwu,NYJ,103.0,2.0,17.0,0.0,0.0,0.0,0.0,0.0,0.0,0.0,0.0,0.0,,,,,,0.0,0.0,0.0,0.0,0.0,0.0,0.0,0.0,0.0,,,0.0,"Mike Clay / ESPN, 17-game",2026-08-13,"Clay's guidance: minus 3 games (RB) / 2 games (QB,WR,TE)"
104,Isaac Guerendo,SF,104.0,1.0,17.0,0.0,0.0,0.0,0.0,0.0,0.0,0.0,0.0,0.0,,,,,,0.0,0.0,0.0,0.0,0.0,0.0,0.0,0.0,0.0,,,0.0,"Mike Clay / ESPN, 17-game",2026-08-13,"Clay's guidance: minus 3 games (RB) / 2 games (QB,WR,TE)"
105,Brashard Smith,KC,105.0,1.0,17.0,0.0,0.0,0.0,0.0,0.0,0.0,0.0,0.0,0.0,,,,,,0.0,0.0,0.0,0.0,0.0,0.0,0.0,0.0,0.0,,,0.0,"Mike Clay / ESPN, 17-game",2026-08-13,"Clay's guidance: minus 3 games (RB) / 2 games (QB,WR,TE)"
106,Bam Knight,ARZ,106.0,1.0,17.0,0.0,0.0,0.0,0.0,0.0,0.0,0.0,0.0,0.0,,,,,,0.0,0.0,0.0,0.0,0.0,0.0,0.0,0.0,0.0,,,0.0,"Mike Clay / ESPN, 17-game",2026-08-13,"Clay's guidance: minus 3 games (RB) / 2 games (QB,WR,TE)"
107,Dylan Laube,LV,107.0,1.0,17.0,0.0,0.0,0.0,0.0,0.0,0.0,0.0,0.0,0.0,,,,,,0.0,0.0,0.0,0.0,0.0,0.0,0.0,0.0,0.0,,,0.0,"Mike Clay / ESPN, 17-game",2026-08-13,"Clay's guidance: minus 3 games (RB) / 2 games (QB,WR,TE)"
108,Rasheen Ali,BLT,108.0,0.0,17.0,0.0,0.0,0.0,0.0,0.0,0.0,0.0,0.0,0.0,,,,,,0.0,0.0,0.0,0.0,0.0,0.0,0.0,0.0,0.0,,,0.0,"Mike Clay / ESPN, 17-game",2026-08-13,"Clay's guidance: minus 3 games (RB) / 2 games (QB,WR,TE)"
109,Jacob Saylors,DET,109.0,0.0,17.0,0.0,0.0,0.0,0.0,0.0,0.0,0.0,0.0,0.0,,,,,,0.0,0.0,0.0,0.0,0.0,0.0,0.0,0.0,0.0,,,0.0,"Mike Clay / ESPN, 17-game",2026-08-13,"Clay's guidance: minus 3 games (RB) / 2 games (QB,WR,TE)"
110,DeeJay Dallas,JAX,110.0,0.0,17.0,0.0,0.0,0.0,0.0,0.0,0.0,0.0,0.0,0.0,,,,,,0.0,0.0,0.0,0.0,0.0,0.0,0.0,0.0,0.0,,,0.0,"Mike Clay / ESPN, 17-game",2026-08-13,"Clay's guidance: minus 3 games (RB) / 2 games (QB,WR,TE)"
111,Josh Williams,TB,111.0,0.0,17.0,0.0,0.0,0.0,0.0,0.0,0.0,0.0,0.0,0.0,,,,,,0.0,0.0,0.0,0.0,0.0,0.0,0.0,0.0,0.0,,,0.0,"Mike Clay / ESPN, 17-game",2026-08-13,"Clay's guidance: minus 3 games (RB) / 2 games (QB,WR,TE)"
