Rank	Player ID	Player	Team	Position(s)	ADP	Min Pick	Max Pick	Difference	# Picks	Team	Team Pick
1	20272	Gibbs, Jahmyr	DET	RB	1.09	1	2		162		
2	20271	Robinson, Bijan	ATL	RB	1.99	1	3		162		
3	18775	Chase, Ja'Marr	CIN	WR	3.15	1	10		162		
4	20336	Nacua, Puka	LA	WR	5.19	3	11		162		
5	20273	Smith-Njigba, Jaxon	SEA	WR	5.68	3	9		162		
6	18827	St. Brown, Amon-Ra	DET	WR	5.90	3	10		162		
7	15222	McCaffrey, Christian	SF	RB	7.49	3	16		162		
8	17962	Taylor, Jonathan	IND	RB	8.03	2	13		162		
9	19467	Cook III, James	BUF	RB	8.22	3	12		162		
10	17965	Lamb, CeeDee	DAL	WR	11.41	6	20		162		
11	20292	Brown, Chase	CIN	RB	11.73	7	17		162		
12	17972	Jefferson, Justin	MIN	WR	11.77	6	21		162		
13	22069	Hampton, Omarion	LAC	RB	14.62	7	22		162		
14	16062	Barkley, Saquon	PHI	RB	15.05	7	26		162		
15	20284	Achane, De'Von	MIA	RB	15.71	9	25		162		
16	19430	Walker III, Kenneth	KC	RB	15.92	9	25		162		
17	17004	Brown, A.J.	NE	WR	16.33	11	24		162		
18	22055	Jeanty, Ashton	LV	RB	18.46	5	29		162		
19	21123	Bowers, Brock	LV	TE	20.63	6	31		162		
20	19433	London, Drake	ATL	WR	21.19	12	33		162		
21	15055	Henry, Derrick	BAL	RB	21.90	9	33		162		
22	19437	Pickens, George	DAL	WR	22.09	13	29		162		
23	19432	Olave, Chris	NO	WR	22.56	13	41		162		
24	18836	Collins, Nico	HOU	WR	23.14	12	32		162		
25	21122	Nabers, Malik	NYG	WR	25.38	13	42		162		
26	18778	Smith, DeVonta	PHI	WR	28.25	17	39		162		
27	20287	Rice, Rashee	KC	WR	29.26	17	47		162		
28	19439	McBride, Trey	ARZ	TE	29.67	15	50		162		
29	20288	Flowers, Zay	BAL	WR	30.94	23	44		162		
30	18771	Williams, Javonte	DAL	RB	32.20	18	46		162		
31	21139	McConkey, Ladd	LAC	WR	32.85	24	47		162		
32	18781	Waddle, Jaylen	DEN	WR	33.69	21	54		162		
33	16074	Allen, Josh	BUF	QB	33.90	2	59		162		
34	22930	Love, Jeremiyah	ARZ	RB	35.46	10	57		162		
35	19431	Wilson, Garrett	NYJ	WR	35.55	24	50		162		
36	19427	Hall, Breece	NYJ	RB	37.33	19	53		162		
37	17971	Higgins, Tee	CIN	WR	38.11	25	60		162		
38	19450	Williams, Kyren	LA	RB	38.12	18	57		162		
39	22063	Egbuka, Emeka	TB	WR	39.13	23	66		162		
40	22059	McMillan, Tetairoa	CAR	WR	39.49	27	55		162		
41	18770	Etienne Jr., Travis	NO	RB	41.29	19	56		162		
42	22060	Burden III, Luther	CHI	WR	41.38	25	66		162		
43	16134	Moore, DJ	BUF	WR	41.84	25	62		162		
44	22075	Loveland, Colston	CHI	TE	43.40	32	53		162		
45	17961	Swift, D'Andre	CHI	RB	46.15	19	62		162		
46	19435	Williams, Jameson	DET	WR	47.81	34	68		162		
47	20291	Washington, Parker	JAX	WR	48.02	29	72		162		
48	19445	Watson, Christian	GB	WR	48.26	37	67		162		
49	17016	Montgomery, David	HOU	RB	50.59	25	65		162		
50	17062	McLaurin, Terry	WAS	WR	50.92	31	74		162		
51	12729	Adams, Davante	LA	WR	51.02	33	74		162		
52	22077	Skattebo, Cam	NYG	RB	51.90	33	76		162		
53	20335	Odunze, Rome	CHI	WR	54.06	29	84		162		
54	22067	Warren, Tyler	IND	TE	56.23	41	69		162		
55	22062	Judkins, Quinshon	CLE	RB	56.60	37	71		162		
56	22106	Tuten, Bhayshul	JAX	RB	57.36	30	80		162		
57	22938	Price, Jadarian	SEA	RB	57.57	39	83		162		
58	21136	Irving, Bucky	TB	RB	58.11	35	91		162		
59	12686	Evans, Mike	SF	WR	60.49	43	90		162		
60	21121	Harrison Jr., Marvin	ARZ	WR	61.62	44	87		162		
61	17968	Burrow, Joe	CIN	QB	62.67	14	91		162		
62	18791	Stevenson, Rhamondre	NE	RB	64.48	50	95		162		
63	16081	Jackson, Lamar	BAL	QB	65.94	18	114		162		
64	22072	Henderson, TreVeyon	NE	RB	66.19	32	90		162		
65	15316	Godwin Jr., Chris	TB	WR	66.83	47	108		162		
66	22929	Tate, Carnell	TEN	WR	67.54	41	98		162		
67	21125	Maye, Drake	NE	QB	69.19	10	99		162		
68	20276	Johnston, Quentin	LAC	WR	71.19	53	100		162		
69	21131	Thomas Jr., Brian	JAX	WR	71.87	55	112		162		
70	19833	Warren, Jaylen	PIT	RB	72.33	54	99		162		
71	20340	Wilson, Michael	ARZ	WR	73.67	45	97		162		
72	16066	Sutton, Courtland	DEN	WR	74.15	48	107		162		
73	21133	Brooks, Jonathon	CAR	RB	74.16	48	130		162		
74	17002	Metcalf, DK	PIT	WR	74.57	56	123		162		
75	20312	Kraft, Tucker	GB	TE	76.39	44	97		162		
76	21144	Lloyd, MarShawn	GB	RB	77.80	44	140		162		
77	20278	Corum, Blake	LA	RB	82.14	41	138		162		
78	17067	Pollard, Tony	TEN	RB	82.78	54	106		162		
79	18789	Pitts Sr., Kyle	ATL	TE	82.99	57	111		162		
80	21124	Williams, Caleb	CHI	QB	83.17	24	119		162		
81	19463	Pierce, Alec	IND	WR	84.31	58	126		162		
82	23066	Stribling, De'Zhaun	SF	WR	84.75	53	148		162		
83	17995	Pittman Jr., Michael	PIT	WR	85.49	54	115		162		
84	18772	Gainwell, Kenny	TB	RB	87.54	64	119		162		
85	22111	Harvey, RJ	DEN	RB	87.76	54	131		162		
86	20283	Downs, Josh	IND	WR	87.83	59	162		162		
87	18036	Dowdle, Rico	PIT	RB	89.11	57	120		162		
88	20311	Reed, Jayden	GB	WR	89.67	57	133		162		
89	17976	Herbert, Justin	LAC	QB	91.51	40	131		162		
90	19872	Mason, Jordan	MIN	RB	92.15	67	129		162		
91	19460	Robinson, Wan'Dale	TEN	WR	92.70	59	143		162		
92	14553	Prescott, Dak	DAL	QB	93.78	28	125		162		
93	18779	Lawrence, Trevor	JAX	QB	94.94	38	131		162		
94	22095	Fannin Jr., Harold	CLE	TE	95.00	67	119		162		
95	22933	Concepcion, KC	CLE	WR	95.34	66	142		162		
96	20339	LaPorta, Sam	DET	TE	95.45	70	135		162		
97	17963	Dobbins, J.K.	DEN	RB	96.45	61	147		162		
98	22085	Golden, Matthew	GB	WR	96.49	67	141		162		
99	21126	Daniels, Jayden	WAS	QB	98.20	45	164		162		
100	13671	Diggs, Stefon	WAS	WR	99.01	73	127		162		
101	17999	Hurts, Jalen	PHI	QB	101.30	36	156		162		
102	20274	Addison, Jordan	MIN	WR	103.77	70	141		162		
103	15360	Kittle, George	SF	TE	103.97	67	138		162		
104	22932	Lemon, Makai	PHI	WR	104.44	72	160		162		
105	18773	Hubbard, Chuba	CAR	RB	105.33	68	156		162		
106	19455	Doubs, Romeo	NE	WR	109.35	82	148		162		
107	22130	Croskey-Merritt, Jacory	WAS	RB	109.38	84	155		159		
108	20300	Kincaid, Dalton	BUF	TE	110.72	73	149		162		
109	17061	Meyers, Jakobi	JAX	WR	112.88	76	156		162		
110	7697	Stafford, Matthew	LA	QB	113.30	27	166		162		
111	19464	Likely, Isaiah	NYG	TE	115.05	79	142		162		
112	19436	White, Rachaad	WAS	RB	115.67	88	157		160		
113	14748	Goff, Jared	DET	QB	116.03	44	159		162		
114	21128	Worthy, Xavier	KC	WR	116.38	73	163		161		
115	16998	Jacobs, Josh	GB	RB	119.05	35	227		154		
116	19742	Purdy, Brock	SF	QB	119.33	60	163		162		
117	21570	Coker, Jalen	CAR	WR	120.62	95	168		162		
118	22119	Monangai, Kyle	CHI	RB	120.96	88	159		155		
119	22955	Washington Jr., Mike	LV	RB	123.06	86	168		154		
120	16151	Goedert, Dallas	PHI	TE	125.23	69	163		162		
121	20299	Nix, Bo	DEN	QB	125.56	61	164		162		
122	19441	Allgeier, Tyler	ARZ	RB	125.75	90	164		162		
123	19934	Shaheed, Rashid	SEA	WR	127.15	94	160		162		
124	11842	Kelce, Travis	KC	TE	127.45	74	173		162		
125	19462	Shakir, Khalil	BUF	WR	127.63	88	167		160		
126	17019	Samuel Sr., Deebo	SF	WR	128.92	92	166		161		
127	22087	Dart, Jaxson	NYG	QB	130.10	51	186		162		
128	22941	Coleman, Jonah	DEN	RB	130.37	73	163		151		
129	22109	Marks, Woody	HOU	RB	131.22	90	167		156		
130	20308	Rodriguez Jr., Chris	JAX	RB	131.25	87	173		152		
131	19476	Ferguson, Jake	DAL	TE	132.45	73	174		162		
132	15234	Mahomes, Patrick	KC	QB	132.64	66	197		162		
133	22931	Tyson, Jordyn	NO	WR	132.81	76	258		153		
134	15392	Jones Sr., Aaron	MIN	RB	136.04	96	165		153		
135	18582	Johnson, Juwan	NO	TE	139.56	110	175		160		
136	1996	Rams, Los Angeles (LAR)	LA	TDSP	140.36	86	183		162		
137	17997	Love, Jordan	GB	QB	141.02	74	189		162		
138	16069	Mayfield, Baker	TB	QB	141.78	73	196		162		
139	2964	Cowboys, Dallas	DAL	TK	141.85	76	183		161		
140	20344	Mitchell, Keaton	LAC	RB	142.94	104	179		150		
141	4343	Texans, Houston	HOU	TDSP	144.19	87	187		162		
142	17009	Murray, Kyler	MIN	QB	144.40	75	204		162		
143	16075	Andrews, Mark	BAL	TE	145.86	90	183		159		
144	20357	Tucker, Tre	LV	WR	146.75	116	246		161		
145	22939	Johnson, Emmett	KC	RB	148.31	97	196		152		
146	20329	Spears, Tyjae	TEN	RB	148.32	116	189		151		
147	22220	Shough, Tyler	NO	QB	151.19	86	223		162		
148	22959	Lane, Ja'Kobi	BAL	WR	151.27	100	231		158		
149	22934	Boston, Denzel	CLE	WR	151.46	108	194		151		
150	20279	Bigsby, Tank	PHI	RB	154.06	98	178		151		
151	19469	Charbonnet, Zach	SEA	RB	158.12	118	211		150		
152	22206	Ferguson, Terrance	LA	TE	159.35	96	209		152		
153	22099	Sampson, Dylan	CLE	RB	160.54	104	199		150		
154	21153	McMillan, Jalen	TB	WR	162.12	85	218		151		
155	1989	Seahawks, Seattle	SEA	TDSP	162.79	117	206		162		
156	20326	Boutte, Kayshon	HOU	WR	162.93	118	213		159		
157	23064	Black, Kaelon	SF	RB	162.96	85	309		150		
158	22074	Harris, Tre'	LAC	WR	164.43	114	278		150		
159	1863	Broncos, Denver	DEN	TDSP	165.09	101	213		162		
160	19458	Willis, Malik	MIA	QB	166.50	80	229		160		
161	20314	Wicks, Dontayvion	PHI	WR	167.63	106	223		155		
162	20425	Strange, Brenton	JAX	TE	167.78	84	226		153		
163	19715	Nailor, Jalen	LV	WR	167.84	113	216		151		
164	21129	Mitchell, Adonai	NYJ	WR	168.14	109	245		152		
165	21355	Flournoy, Ryan	DAL	WR	168.88	102	210		150		
166	19468	Robinson, Brian	ATL	RB	173.39	110	235		150		
167	16077	Darnold, Sam	SEA	QB	174.30	88	237		157		
168	21151	Davis, Ray	BUF	RB	174.78	124	219		150		
169	21154	Washington, Malik	MIA	WR	175.45	118	248		156		
170	21132	Allen, Braelon	NYJ	RB	175.81	130	232		151		
171	19633	Okonkwo, Chig	WAS	TE	176.72	124	228		150		
172	4345	Texans, Houston	HOU	TK	177.47	123	237		161		
173	14968	Henry, Hunter	NE	TE	179.19	120	214		151		
174	18033	Jennings, Jauan	MIN	WR	183.17	126	244		153		
175	1961	Eagles, Philadelphia	PHI	TDSP	184.34	126	223		161		
176	21183	Tracy Jr., Tyrone	NYG	RB	184.67	117	281		150		
177	23165	Allen, Cyrus	KC	WR	185.38	113	279		149		
178	16255	Schultz, Dalton	HOU	TE	185.66	139	239		154		
179	23043	Douglas, Caleb	MIA	WR	186.34	118	258		152		
180	21169	Vidal, Kimani	LAC	RB	187.27	133	249		150		
181	17008	Jones, Daniel	IND	QB	187.64	108	240		147		
182	22115	Bryant, Pat	DEN	WR	187.95	117	272		149		
183	1926	Patriots, New England	NE	TDSP	189.97	139	219		159		
184	22946	Bell, Chris	MIA	WR	190.37	102	313		150		
185	1898	Jaguars, Jacksonville	JAX	TDSP	190.48	133	228		162		
186	22952	Fields, Malachi	NYG	WR	190.59	126	270		151		
187	20100	Davis, Malik	DAL	RB	190.85	121	273		148		
188	17964	Jeudy, Jerry	CLE	WR	191.26	113	287		144		
189	2980	Chargers, Los Angeles (LAC)	LAC	TK	191.69	136	244		161		
190	2982	Seahawks, Seattle	SEA	TK	193.79	127	238		161		
191	11857	Allen, Keenan	IND	WR	194.20	127	256		148		
192	21709	Holani, George	SEA	RB	196.05	117	300		148		
193	1975	Chargers, Los Angeles (LAC)	LAC	TDSP	196.77	136	238		160		
194	18826	Harris, Najee	NYG	RB	196.93	133	323		150		
195	1968	Steelers, Pittsburgh	PIT	TDSP	197.28	135	237		162		
196	15293	Kamara, Alvin	NO	RB	197.37	138	270		147		
197	2969	Jaguars, Jacksonville	JAX	TK	197.89	128	262		161		
198	22940	Allen, Kaytron	WAS	RB	203.07	145	296		146		
199	22134	TeSlaa, Isaac	DET	WR	203.64	136	279		144		
200	22948	Cooper Jr., Omar	NYJ	WR	204.45	135	298		141		
201	20280	Stroud, C.J.	HOU	QB	204.57	104	240		108		
202	1807	Ravens, Baltimore	BAL	TDSP	204.75	137	237		160		
203	1919	Vikings, Minnesota	MIN	TDSP	207.54	142	240		154		
204	17014	Hockenson, T.J.	MIN	TE	209.02	147	240		128		
205	22935	Sadiq, Kenyon	NYJ	TE	211.08	157	266		126		
206	19486	Pacheco, Isiah	DET	RB	211.29	112	330		117		
207	22943	Singleton, Nicholas	TEN	RB	212.63	136	339		132		
208	21357	Vele, Devaughn	NO	WR	212.99	148	321		136		
209	22101	Gadsden, Oronde	LAC	TE	213.01	145	256		105		
210	22944	Claiborne, Demond	MIN	RB	213.70	140	308		134		
211	22098	Johnson, Kaleb	GB	RB	215.14	148	324		139		
212	21315	Barner, AJ	SEA	TE	215.45	159	238		126		
213	20310	Ward, Cam	TEN	QB	216.10	120	240		73		
214	2983	Rams, Los Angeles (LAR)	LA	TK	216.52	141	285		159		
215	2981	49ers, San Francisco	SF	TK	217.44	152	260		157		
216	22967	Hurst III, Ted	TB	WR	217.47	137	319		132		
217	22945	McGowan, Seth	IND	RB	218.27	162	335		139		
218	14802	Brissett, Jacoby	ARZ	QB	219.72	121	238		66		
219	20954	Brooks, Chris	GB	RB	220.04	138	318		126		
220	2972	Vikings, Minnesota	MIN	TK	221.30	140	272		146		
221	19477	Dulcich, Greg	MIA	TE	221.83	151	240		90		
222	17020	Hill, Justice	BAL	RB	222.08	154	282		126		
223	21160	Wright, Jaylen	MIA	RB	222.22	122	298		117		
224	22058	Hunter, Travis	JAX	WR	222.42	155	318		116		
225	22097	James, Jordan	SF	RB	222.64	100	304		128		
226	20285	Tucker, Sean	TB	RB	223.01	152	281		116		
227	20281	Young, Bryce	CAR	QB	224.04	131	235		46		
228	2966	Lions, Detroit	DET	TK	224.86	145	274		138		
229	22956	Williams, Antonio	WAS	WR	226.10	104	326		113		
230	5712	Rodgers, Aaron	PIT	QB	227.08	128	238		35		
231	1842	Bears, Chicago	CHI	TDSP	227.16	149	278		100		
232	15283	Kupp, Cooper	SEA	WR	227.86	156	299		108		
233	16065	Ridley, Calvin	TEN	WR	228.17	117	309		103		
234	11818	Smith, Geno	NYJ	QB	228.96	136	244		38		
235	22951	Branch, Zachariah	ATL	WR	229.21	145	334		96		
236	15362	Perine, Samaje	CIN	RB	229.78	148	309		119		
237	20323	Dell, Tank	HOU	WR	230.75	120	330		89		
238	22123	Helm, Gunnar	TEN	TE	231.77	171	266		61		
239	1870	Lions, Detroit	DET	TDSP	232.41	176	267		87		
240	22928	Mendoza, Fernando	LV	QB	232.45	159	252		39		
241	1828	Bills, Buffalo	BUF	TDSP	233.46	187	247		68		
242	2871	Browns, Cleveland	CLE	TDSP	234.04	155	279		62		
243	21127	Franklin, Troy	DEN	WR	234.12	164	310		70		
244	1877	Packers, Green Bay	GB	TDSP	234.54	166	282		74		
245	1905	Chiefs, Kansas City	KC	TDSP	234.68	162	263		62		
246	19632	Otton, Cade	TB	TE	235.02	180	288		42		
247	22092	Blue, Jaydon	PHI	RB	235.51	109	350		62		
248	22116	Noel, Jaylin	HOU	WR	236.72	176	330		103		
249	18792	Freiermuth, Pat	PIT	TE	236.90	187	288		43		
250	2968	Colts, Indianapolis	IND	TK	236.95	157	304		95		
251	1856	Cowboys, Dallas	DAL	TDSP	237.03	151	285		55		
252	2984	Buccaneers, Tampa Bay	TB	TK	237.07	162	290		109		
253	20790	Saylors, Jacob	DET	RB	237.58	157	348		84		
254	2962	Bengals, Cincinnati	CIN	TK	237.96	155	313		83		
255	1982	49ers, San Francisco	SF	TDSP	238.31	191	304		79		
256	1933	Saints, New Orleans	NO	TDSP	239.38	158	281		53		
257	2979	Steelers, Pittsburgh	PIT	TK	239.44	153	318		80		
258	10974	Cousins, Kirk	LV	QB	239.57	169	320		34		
259	20298	Penix Jr., Michael	ATL	QB	239.69	180	302		32		
260	19960	Tonges, Jake	SF	TE	240.16	186	330		61		
261	2958	Ravens, Baltimore	BAL	TK	240.25	158	316		98		
262	18018	Parkinson, Colby	LA	TE	240.30	163	291		63		
263	22124	Hunter, Jarquez	MIA	RB	240.46	192	235		3		
264	21130	Coleman, Keon	BUF	WR	240.50	180	319		65		
265	21005	McLaughlin, Jaleel	CLE	RB	240.60	177	177		1		
266	1814	Falcons, Atlanta	ATL	TDSP	240.64	209	284		40		
267	22272	Lane, Jaylin	WAS	WR	240.77	203	203		1		
268	21163	Jordan, Jawhar	HOU	RB	240.83	213	213		1		
269	23226	Strand, Jack	ATL	QB	240.88	222	222		1		
270	16345	Scott, Boston	PIT	RB	240.89	223	223		1		
271	22722	Kiner, Corey	NE	RB	240.96	235	235		1		
272	22673	Chism III, Efton	NE	WR	240.96	234	234		1		
273	23392	Brown, Camden	DAL	WR	240.97	236	236		1		
274	15938	Hill, Taysom	NO	TE	240.97	236	236		1		
275	17996	Dillon, AJ	CAR	RB	240.99	239	239		1		
276	15227	Njoku, David	LAC	TE	241.03	181	313		46		
277	2970	Chiefs, Kansas City	KC	TK	241.07	145	299		65		
278	22114	Higgins, Jayden	HOU	WR	241.14	264	264		1		
279	18169	Mooney, Darnell	NYG	WR	241.21	192	343		64		
280	1940	Giants, New York (NYG)	NYG	TDSP	241.23	199	280		39		
281	22809	Cooper, Darius	PHI	WR	241.31	291	291		1		
282	23097	Thompson, Brenen	LAC	WR	241.37	208	347		3		
283	11806	Hopkins, DeAndre	BAL	WR	241.38	302	302		1		
284	17082	Oliver, Josh	MIN	TE	241.44	312	312		1		
285	18785	Bateman, Rashod	BAL	WR	241.44	185	337		66		
286	16080	Rudolph, Mason	PIT	QB	241.46	315	315		1		
287	22958	Klare, Max	LA	TE	241.46	315	315		1		
288	22950	Daniels, CJ	LA	WR	241.52	326	326		1		
289	14847	Shepard, Sterling	HOU	WR	241.53	327	327		1		
290	21164	Sinnott, Ben	WAS	TE	241.56	332	332		1		
291	21167	Ali, Rasheen	BAL	RB	241.57	333	333		1		
292	15542	Mullens, Nick	JAX	QB	241.57	333	333		1		
293	19472	Goodson, Tyler	ATL	RB	241.59	336	336		1		
294	18830	Herbert, Khalil	SF	RB	241.59	336	336		1		
295	22734	Price, Myles	MIN	WR	241.59	337	337		1		
296	15479	Rush, Cooper	ATL	QB	241.59	337	337		1		
297	20306	Abanikanda, Israel	DAL	RB	241.62	342	342		1		
298	22107	Royals, Jalen	KC	WR	241.63	343	343		1		
299	22064	Milroe, Jalen	SEA	QB	241.64	344	344		1		
300	18807	Tremble, Tommy	CAR	TE	241.65	347	347		1		
301	9994	Dalton, Andy	PHI	QB	241.65	347	347		1		
302	22334	Mumpfield, Konata	LA	WR	241.66	348	348		1		
303	20290	Tillman, Cedric	NO	WR	241.67	349	349		1		
304	23765	Love, Daejon	SF	WR	241.68	351	351		1		
305	22267	Watkins, Jordan	SF	WR	241.69	353	353		1		
306	17057	Dortch, Greg	BUF	WR	241.69	353	353		1		
307	18795	Moore, Elijah	PHI	WR	241.70	354	354		1		
308	22073	Williams, Savion	GB	WR	241.71	356	356		1		
309	15896	Ekeler, Austin	WAS	RB	241.71	356	356		1		
310	15223	Trubisky, Mitchell	TEN	QB	241.72	357	357		1		
311	23234	Taylor, J'Mari	JAX	RB	241.72	358	358		1		
312	23074	Hibner, Matt	BAL	TE	241.73	264	337		2		
313	19406	Ghost, 	FA	TDSP	241.73	360	360		1		
314	2973	Patriots, New England	NE	TK	241.93	203	313		112		
315	17049	Humphrey, Lil'Jordan	DEN	WR	241.96	288	349		2		
316	21408	Milton III, Joe	DAL	QB	242.03	305	344		2		
317	19454	Metchie III, John	CAR	WR	242.10	312	349		2		
318	22084	Leonard, Riley	IND	QB	242.11	305	357		2		
319	14714	Robinson, Demarcus	SF	WR	242.16	218	346		10		
320	19625	Bellinger, Daniel	TEN	TE	242.28	331	358		2		
321	22746	Walker, Jahdae	CHI	WR	242.28	340	349		2		
322	22061	Bond, Isaiah	CLE	WR	242.30	238	358		3		
323	17022	Stidham, Jarrett	DEN	QB	242.31	340	354		2		
324	22070	Ewers, Quinn	JAX	QB	242.35	343	357		2		
325	21168	McCaffrey, Luke	WAS	WR	242.36	344	358		2		
326	15357	Dobbs, Joshua	DET	QB	242.36	351	352		2		
327	19402	Holder, Jeff	FA	TK	242.36	351	351		2		
328	20265	Kicker, Butt	FA	TK	242.39	350	357		2		
329	23192	Brown, Barion	NO	WR	242.39	222	353		4		
330	5266	Rivers, Philip	IND	QB	242.39	347	360		2		
331	15238	Engram, Evan	DEN	TE	242.46	180	320		39		
332	21143	Sanders, Ja'Tavion	CAR	TE	242.48	291	359		3		
333	21389	Whittington, Jordan	LA	WR	242.59	234	359		5		
334	22305	Mafah, Phil	DAL	RB	242.70	204	360		7		
335	22214	Felton, Tai	MIN	WR	242.85	334	349		3		
336	17012	Lock, Drew	SEA	QB	242.94	324	359		3		
337	2003	Buccaneers, Tampa Bay	TB	TDSP	243.04	165	315		44		
338	23104	Klubnik, Cade	NYJ	QB	243.13	353	358		3		
339	22970	Delp, Oscar	NO	TE	243.15	352	360		3		
340	23080	Young, Colbie	CIN	WR	243.23	229	355		6		
341	2961	Bears, Chicago	CHI	TK	243.27	164	300		61		
342	16562	Allen, Kyle	BUF	QB	243.29	322	352		4		
343	19449	Howell, Sam	DAL	QB	243.37	282	356		4		
344	14911	Wentz, Carson	MIN	QB	243.48	334	359		4		
345	23172	Benson, Malik	LV	WR	243.51	211	359		6		
346	22104	Neal, Devin	NO	RB	243.65	325	360		4		
347	20845	DeVito, Tommy	NE	QB	243.67	347	351		4		
348	22094	Etienne, Trevor	CAR	RB	243.74	341	356		4		
349	21178	Guerendo, Isaac	SF	RB	243.81	257	352		6		
350	18624	Huntley, Tyler	BAL	QB	243.83	270	335		6		
351	17975	Tagovailoa, Tua	ATL	QB	243.85	191	359		32		
352	20304	Miller, Kendre	NO	RB	243.85	189	350		74		
353	19429	Burks, Treylon	WAS	WR	243.88	288	353		5		
354	21138	Walker, Devontez	BAL	WR	243.96	312	360		5		
355	21413	Rattler, Spencer	NO	QB	243.97	320	358		5		
356	19451	Knight, Bam	ARZ	RB	243.98	232	360		6		
357	21148	Wilson, Roman	PIT	WR	243.99	241	342		7		
358	19442	Pickett, Kenny	CAR	QB	244.15	334	350		5		
359	1891	Colts, Indianapolis	IND	TDSP	244.16	181	290		32		
360	20247	Turpin, KaVontae	DAL	WR	244.18	320	356		5		
361	14572	Raymond, Kalif	CHI	WR	244.20	301	353		6		
362	22947	Bernard, Germie	PIT	WR	244.22	185	360		74		
363	18922	Mills, Davis	HOU	QB	244.30	343	355		5		
364	21150	McCarthy, J.J.	MIN	QB	244.43	277	358		6		
365	10144	Taylor, Tyrod	GB	QB	244.56	275	358		6		
366	21001	Wilson, Emanuel	SEA	RB	244.97	139	349		46		
367	22954	Brazzell II, Chris	CAR	WR	245.01	341	356		6		
368	18862	Palmer, Joshua	BUF	WR	245.47	292	356		8		
369	18799	Lance, Trey	LAC	QB	245.48	333	357		7		
370	17025	Minshew II, Gardner	ARZ	QB	245.62	330	359		7		
371	11816	Ertz, Zach	WAS	TE	245.64	289	359		8		
372	15231	Watson, Deshaun	CLE	QB	245.81	184	322		33		
373	21295	All Jr., Erick	CIN	TE	245.86	232	351		10		
374	22968	Heidenreich, Eli	PIT	RB	245.87	201	356		11		
375	20479	Bennett IV, Stetson	LA	QB	245.93	309	360		8		
376	15319	Smith, Jonnu	GB	TE	245.95	294	360		9		
377	2965	Broncos, Denver	DEN	TK	246.07	163	302		48		
378	1835	Panthers, Carolina	CAR	TDSP	246.07	166	332		34		
379	21134	Estime, Audric	NO	RB	246.10	231	358		12		
380	20294	Richardson Sr., Anthony	IND	QB	246.19	241	360		10		
381	23050	Raridon, Eli	NE	TE	246.35	208	347		15		
382	15306	Conner, James	ARZ	RB	246.47	179	352		47		
383	21141	Shipley, Will	PHI	RB	246.48	307	358		9		
384	22056	Sanders, Shedeur	CLE	QB	246.60	182	340		31		
385	20719	Demercado, Emari	DAL	RB	246.73	184	358		54		
386	21297	Vaki, Sione	DET	RB	246.74	182	360		18		
387	13530	Mariota, Marcus	WAS	QB	246.93	286	354		10		
388	21135	Benson, Trey	ARZ	RB	247.08	218	354		15		
389	22108	Johnson, Tez	TB	WR	247.48	227	359		13		
390	14743	Higbee, Tyler	LA	TE	247.72	307	357		11		
391	1849	Bengals, Cincinnati	CIN	TDSP	247.72	212	339		33		
392	20293	Mims Jr., Marvin	DEN	WR	247.76	323	357		11		
393	19482	Kolar, Charlie	LAC	TE	247.88	180	359		21		
394	2974	Saints, New Orleans	NO	TK	247.94	160	316		42		
395	1884	Titans, Tennessee	TEN	TDSP	248.01	217	332		48		
396	23013	Thomas, Zavion	CHI	WR	248.05	190	360		27		
397	20814	Bagent, Tyson	CHI	QB	248.15	324	359		11		
398	22300	Brooks, Tahj	CIN	RB	248.20	212	348		19		
399	17983	Aiyuk, Brandon	SF	WR	248.25	196	355		20		
400	20341	Douglas, DeMario	NE	WR	248.38	175	338		55		
401	16149	Gesicki, Mike	CIN	TE	248.88	204	348		33		
402	12688	Beckham Jr., Odell	NYG	WR	249.01	185	355		27		
403	22120	Taylor, Mason	NYJ	TE	249.06	200	347		37		
404	1954	Raiders, Las Vegas	LV	TDSP	249.30	210	332		43		
405	2967	Packers, Green Bay	GB	TK	249.31	199	319		52		
406	1821	Cardinals, Arizona	ARZ	TDSP	249.33	257	357		18		
407	22112	Bech, Jack	LV	WR	249.35	205	352		45		
408	19452	Dotson, Jahan	ATL	WR	249.60	181	359		50		
409	2957	Falcons, Atlanta	ATL	TK	249.70	210	322		35		
410	1947	Jets, New York (NYJ)	NYJ	TDSP	249.85	219	351		34		
411	18802	Atwell, Tutu	LA	WR	249.94	186	358		21		
412	19491	Thornton, Tyquan	KC	WR	249.95	198	355		39		
413	19128	Gray, Noah	KC	TE	250.31	299	359		16		
414	20282	Mayer, Michael	LV	TE	250.33	208	339		36		
415	7090	Flacco, Joe	CIN	QB	250.40	239	351		20		
416	17170	Zaccheaus, Olamide	ATL	WR	250.41	328	359		14		
417	22960	Randall, Adam	BAL	RB	250.42	198	360		32		
418	14725	Hill, Tyreek	MIA	WR	250.62	202	356		34		
419	2010	Commanders, Washington	WAS	TDSP	250.63	205	348		29		
420	16132	Kirk, Christian	SF	WR	250.67	197	360		35		
421	22969	Lance, Bryce	NO	WR	250.69	193	358		41		
422	2959	Bills, Buffalo	BUF	TK	250.71	225	333		34		
423	17007	Brown, Hollywood	PHI	WR	250.78	200	359		33		
424	15671	Bourne, Kendrick	ARZ	WR	250.90	296	360		17		
425	22090	Allen Jr., LeQuint	JAX	RB	251.25	213	347		42		
426	22942	Stowers, Eli	PHI	TE	251.31	225	360		24		
427	20334	Johnson, Roschon	CHI	RB	251.35	198	359		52		
428	19453	Tolbert, Jalen	MIA	WR	251.40	191	356		33		
429	22128	Williams, Kyle	NE	WR	251.49	201	357		41		
430	22071	Gordon II, Ollie	MIA	RB	251.56	193	360		36		
431	22957	Bell, Skyler	BUF	WR	251.57	189	359		50		
432	13738	Waller, Darren	CAR	TE	251.65	177	358		39		
433	17512	Slayton, Darius	NYG	WR	251.75	188	350		31		
434	2978	Eagles, Philadelphia	PHI	TK	251.81	234	334		32		
435	22121	Arroyo, Elijah	SEA	TE	251.97	177	353		27		
436	22949	Sarratt, Elijah	BAL	WR	251.98	216	360		22		
437	23003	Beck, Carson	ARZ	QB	252.05	251	357		25		
438	22269	Dike, Chimere	TEN	WR	252.07	255	351		26		
439	22091	Ayomanor, Elic	TEN	WR	252.07	209	357		27		
440	20305	Hutchinson, Xavier	HOU	WR	252.09	209	356		26		
441	22117	Smith, Brashard	KC	RB	252.18	201	360		26		
442	15281	Hunt, Kareem	KC	RB	252.19	181	359		35		
443	2956	Cardinals, Arizona	ARZ	TK	252.22	204	346		29		
444	22096	Giddens, DJ	IND	RB	252.47	164	360		36		
445	17046	Johnson, Ty	BUF	RB	252.47	212	357		28		
446	21161	Davis, Isaiah	NYJ	RB	252.49	199	354		33		
447	2963	Browns, Cleveland	CLE	TK	252.58	231	359		22		
448	2985	Titans, Tennessee	TEN	TK	252.81	236	342		33		
449	2976	Giants, New York (NYG)	NYG	TK	252.91	226	345		32		
450	17034	Singletary, Devin	NYG	RB	253.04	226	352		28		
451	17088	Knox, Dawson	BUF	TE	253.06	187	354		29		
452	18783	Fields, Justin	KC	QB	253.13	268	359		21		
453	22936	Simpson, Ty	LA	QB	253.33	283	360		20		
454	20337	Iosivas, Andrei	CIN	WR	253.48	206	356		34		
455	2986	Commanders, Washington	WAS	TK	253.71	232	346		31		
456	2960	Panthers, Carolina	CAR	TK	253.80	269	359		28		
457	21181	Johnson, Theo	NYG	TE	253.90	272	353		25		
458	21171	Horton, Tory	SEA	WR	253.99	221	360		32		
459	1912	Dolphins, Miami	MIA	TDSP	253.99	259	360		28		
460	18800	Jones, Mac	SF	QB	254.07	218	360		28		
461	18010	Kmet, Cole	CHI	TE	254.15	247	352		28		
462	2971	Dolphins, Miami	MIA	TK	254.24	279	353		27		
463	20301	Washington, Darnell	PIT	TE	254.40	256	355		27		
464	15355	Hollins, Mack	NE	WR	254.85	303	359		23		
465	2975	Jets, New York (NYJ)	NYJ	TK	255.06	237	357		29		
466	13529	Winston, Jameis	NYG	QB	255.10	313	360		25		
467	2977	Raiders, Las Vegas	LV	TK	255.12	273	358		30		
468	21137	Legette, Xavier	CAR	WR	255.36	232	356		27		
