rank,player,team,clay_pos_rk,clay_ff_pts,clay_games,clay_rush_att,clay_rush_yds,clay_rush_tds,clay_targets,clay_receptions,clay_rec_yds,clay_rec_tds,clay_carry_share,clay_target_share,mkt_receptions,mkt_rec_yds,mkt_rec_tds,mkt_book,mkt_as_of,adj_targets,adj_receptions,adj_rec_yds,adj_rec_tds,adj_rush_yds,adj_rush_tds,ppr_clay_17g,ppr_clay_propadj,ppr_market,mkt_minus_clay17,mkt_minus_clayadj,ppr_per_game_propadj,proj_source,proj_as_of,propadj_method
1,Brock Bowers,LV,2.0,240.0,17.0,4.0,16.0,0.0,135.0,98.0,996.0,7.0,1.0,25.0,,,,,,119.1,86.5,878.8,6.2,14.1,0.0,241.2,212.99,,,,12.53,"Mike Clay / ESPN, 17-game",2026-08-13,"Clay's guidance: minus 3 games (RB) / 2 games (QB,WR,TE)"
2,Trey McBride,ARZ,1.0,242.0,17.0,0.0,0.0,0.0,149.0,108.0,1024.0,5.0,0.0,26.0,,,,,,131.5,95.3,903.5,4.4,0.0,0.0,240.4,212.05,,,,12.47,"Mike Clay / ESPN, 17-game",2026-08-13,"Clay's guidance: minus 3 games (RB) / 2 games (QB,WR,TE)"
3,Colston Loveland,CHI,4.0,206.0,17.0,0.0,0.0,0.0,118.0,80.0,898.0,6.0,0.0,23.0,,,,,,104.1,70.6,792.4,5.3,0.0,0.0,205.8,181.64,,,,10.68,"Mike Clay / ESPN, 17-game",2026-08-13,"Clay's guidance: minus 3 games (RB) / 2 games (QB,WR,TE)"
4,Tyler Warren,IND,3.0,208.0,17.0,6.0,14.0,0.0,115.0,86.0,872.0,5.0,2.0,22.0,,,,,,101.5,75.9,769.4,4.4,12.4,0.0,204.6,180.48,,,,10.62,"Mike Clay / ESPN, 17-game",2026-08-13,"Clay's guidance: minus 3 games (RB) / 2 games (QB,WR,TE)"
5,Sam LaPorta,DET,5.0,189.0,17.0,0.0,0.0,0.0,102.0,78.0,787.0,5.0,0.0,19.0,,,,,,90.0,68.8,694.4,4.4,0.0,0.0,186.7,164.64,,,,9.68,"Mike Clay / ESPN, 17-game",2026-08-13,"Clay's guidance: minus 3 games (RB) / 2 games (QB,WR,TE)"
6,Harold Fannin Jr.,CLV,6.0,187.0,17.0,9.0,21.0,0.0,119.0,83.0,817.0,3.0,2.0,23.0,,,,,,105.0,73.2,720.9,2.6,18.5,0.0,184.8,162.74,,,,9.57,"Mike Clay / ESPN, 17-game",2026-08-13,"Clay's guidance: minus 3 games (RB) / 2 games (QB,WR,TE)"
7,Kyle Pitts,ATL,7.0,185.0,17.0,0.0,0.0,0.0,115.0,80.0,857.0,3.0,0.0,21.0,,,,,,101.5,70.6,756.2,2.6,0.0,0.0,183.7,161.82,,,,9.52,"Mike Clay / ESPN, 17-game",2026-08-13,"Clay's guidance: minus 3 games (RB) / 2 games (QB,WR,TE)"
8,Dallas Goedert,PHI,10.0,177.0,17.0,0.0,0.0,0.0,93.0,71.0,726.0,6.0,0.0,19.0,,,,,,82.1,62.6,640.6,5.3,0.0,0.0,179.6,158.46,,,,9.32,"Mike Clay / ESPN, 17-game",2026-08-13,"Clay's guidance: minus 3 games (RB) / 2 games (QB,WR,TE)"
9,Travis Kelce,KC,8.0,177.0,17.0,0.0,0.0,0.0,103.0,74.0,770.0,4.0,0.0,19.0,,,,,,90.9,65.3,679.4,3.5,0.0,0.0,175.0,154.24,,,,9.07,"Mike Clay / ESPN, 17-game",2026-08-13,"Clay's guidance: minus 3 games (RB) / 2 games (QB,WR,TE)"
10,George Kittle,SF,9.0,177.0,15.0,0.0,0.0,0.0,88.0,70.0,762.0,5.0,0.0,17.0,,,,,,76.3,60.7,660.4,4.3,0.0,0.0,176.2,152.54,,,,10.17,"Mike Clay / ESPN, 17-game",2026-08-13,"Clay's guidance: minus 3 games (RB) / 2 games (QB,WR,TE)"
11,Mark Andrews,BLT,12.0,169.0,17.0,10.0,35.0,1.0,84.0,58.0,617.0,7.0,2.0,18.0,,,,,,74.1,51.2,544.4,6.2,30.9,0.9,171.2,151.33,,,,8.9,"Mike Clay / ESPN, 17-game",2026-08-13,"Clay's guidance: minus 3 games (RB) / 2 games (QB,WR,TE)"
12,Tucker Kraft,GB,11.0,172.0,17.0,2.0,8.0,0.0,94.0,68.0,775.0,4.0,1.0,18.0,,,,,,82.9,60.0,683.8,3.5,7.1,0.0,170.3,150.09,,,,8.83,"Mike Clay / ESPN, 17-game",2026-08-13,"Clay's guidance: minus 3 games (RB) / 2 games (QB,WR,TE)"
13,Jake Ferguson,DAL,13.0,167.0,17.0,0.0,0.0,0.0,96.0,73.0,599.0,6.0,0.0,17.0,,,,,,84.7,64.4,528.5,5.3,0.0,0.0,168.9,149.05,,,,8.77,"Mike Clay / ESPN, 17-game",2026-08-13,"Clay's guidance: minus 3 games (RB) / 2 games (QB,WR,TE)"
14,Kenyon Sadiq,NYJ,14.0,162.0,17.0,0.0,0.0,0.0,90.0,67.0,692.0,4.0,0.0,17.0,,,,,,79.4,59.1,610.6,3.5,0.0,0.0,160.2,141.16,,,,8.3,"Mike Clay / ESPN, 17-game",2026-08-13,"Clay's guidance: minus 3 games (RB) / 2 games (QB,WR,TE)"
15,T.J. Hockenson,MIN,15.0,158.0,17.0,0.0,0.0,0.0,100.0,78.0,639.0,3.0,0.0,18.0,,,,,,88.2,68.8,563.8,2.6,0.0,0.0,159.9,140.78,,,,8.28,"Mike Clay / ESPN, 17-game",2026-08-13,"Clay's guidance: minus 3 games (RB) / 2 games (QB,WR,TE)"
16,Isaiah Likely,NYG,16.0,156.0,17.0,0.0,0.0,0.0,86.0,64.0,684.0,4.0,0.0,17.0,,,,,,75.9,56.5,603.5,3.5,0.0,0.0,156.4,137.85,,,,8.11,"Mike Clay / ESPN, 17-game",2026-08-13,"Clay's guidance: minus 3 games (RB) / 2 games (QB,WR,TE)"
17,Dalton Kincaid,BUF,17.0,156.0,17.0,0.0,0.0,0.0,82.0,59.0,698.0,4.0,0.0,16.0,,,,,,72.4,52.1,615.9,3.5,0.0,0.0,152.8,134.69,,,,7.92,"Mike Clay / ESPN, 17-game",2026-08-13,"Clay's guidance: minus 3 games (RB) / 2 games (QB,WR,TE)"
18,Hunter Henry,NE,18.0,150.0,17.0,0.0,0.0,0.0,78.0,56.0,628.0,5.0,0.0,15.0,,,,,,68.8,49.4,554.1,4.4,0.0,0.0,148.8,131.21,,,,7.72,"Mike Clay / ESPN, 17-game",2026-08-13,"Clay's guidance: minus 3 games (RB) / 2 games (QB,WR,TE)"
19,Juwan Johnson,NO,19.0,143.0,17.0,0.0,0.0,0.0,88.0,64.0,637.0,3.0,0.0,16.0,,,,,,77.6,56.5,562.1,2.6,0.0,0.0,145.7,128.31,,,,7.55,"Mike Clay / ESPN, 17-game",2026-08-13,"Clay's guidance: minus 3 games (RB) / 2 games (QB,WR,TE)"
20,Brenton Strange,JAX,20.0,142.0,17.0,0.0,0.0,0.0,85.0,59.0,598.0,4.0,0.0,15.0,,,,,,75.0,52.1,527.6,3.5,0.0,0.0,142.8,125.86,,,,7.4,"Mike Clay / ESPN, 17-game",2026-08-13,"Clay's guidance: minus 3 games (RB) / 2 games (QB,WR,TE)"
21,Pat Freiermuth,PIT,21.0,136.0,17.0,0.0,0.0,0.0,85.0,60.0,602.0,3.0,0.0,15.0,,,,,,75.0,52.9,531.2,2.6,0.0,0.0,138.2,121.62,,,,7.15,"Mike Clay / ESPN, 17-game",2026-08-13,"Clay's guidance: minus 3 games (RB) / 2 games (QB,WR,TE)"
22,Darren Waller,CAR,23.0,134.0,17.0,0.0,0.0,0.0,73.0,50.0,554.0,5.0,0.0,14.0,,,,,,64.4,44.1,488.8,4.4,0.0,0.0,135.4,119.38,,,,7.02,"Mike Clay / ESPN, 17-game",2026-08-13,"Clay's guidance: minus 3 games (RB) / 2 games (QB,WR,TE)"
23,Terrance Ferguson,LAR,22.0,136.0,17.0,0.0,0.0,0.0,73.0,46.0,580.0,5.0,0.0,13.0,,,,,,64.4,40.6,511.8,4.4,0.0,0.0,134.0,118.18,,,,6.95,"Mike Clay / ESPN, 17-game",2026-08-13,"Clay's guidance: minus 3 games (RB) / 2 games (QB,WR,TE)"
24,Dalton Schultz,HST,24.0,133.0,17.0,0.0,0.0,0.0,82.0,59.0,555.0,3.0,0.0,15.0,,,,,,72.4,52.1,489.7,2.6,0.0,0.0,132.5,116.67,,,,6.86,"Mike Clay / ESPN, 17-game",2026-08-13,"Clay's guidance: minus 3 games (RB) / 2 games (QB,WR,TE)"
25,Gunnar Helm,TEN,25.0,126.0,17.0,0.0,0.0,0.0,77.0,58.0,495.0,3.0,0.0,14.0,,,,,,67.9,51.2,436.8,2.6,0.0,0.0,125.5,110.48,,,,6.5,"Mike Clay / ESPN, 17-game",2026-08-13,"Clay's guidance: minus 3 games (RB) / 2 games (QB,WR,TE)"
26,Greg Dulcich,MIA,27.0,119.0,17.0,0.0,0.0,0.0,75.0,52.0,581.0,2.0,0.0,15.0,,,,,,66.2,45.9,512.6,1.8,0.0,0.0,122.1,107.96,,,,6.35,"Mike Clay / ESPN, 17-game",2026-08-13,"Clay's guidance: minus 3 games (RB) / 2 games (QB,WR,TE)"
27,Chigoziem Okonkwo,WAS,26.0,121.0,17.0,0.0,0.0,0.0,72.0,51.0,561.0,2.0,0.0,14.0,,,,,,63.5,45.0,495.0,1.8,0.0,0.0,119.1,105.3,,,,6.19,"Mike Clay / ESPN, 17-game",2026-08-13,"Clay's guidance: minus 3 games (RB) / 2 games (QB,WR,TE)"
28,A.J. Barner,SEA,28.0,114.0,17.0,9.0,18.0,0.0,60.0,45.0,433.0,4.0,2.0,12.0,,,,,,52.9,39.7,382.1,3.5,15.9,0.0,114.1,100.5,,,,5.91,"Mike Clay / ESPN, 17-game",2026-08-13,"Clay's guidance: minus 3 games (RB) / 2 games (QB,WR,TE)"
29,Mike Gesicki,CIN,29.0,107.0,17.0,0.0,0.0,0.0,57.0,40.0,393.0,5.0,0.0,10.0,,,,,,50.3,35.3,346.8,4.4,0.0,0.0,109.3,96.38,,,,5.67,"Mike Clay / ESPN, 17-game",2026-08-13,"Clay's guidance: minus 3 games (RB) / 2 games (QB,WR,TE)"
30,Evan Engram,DEN,30.0,106.0,17.0,0.0,0.0,0.0,68.0,47.0,463.0,2.0,0.0,12.0,,,,,,60.0,41.5,408.5,1.8,0.0,0.0,105.3,93.15,,,,5.48,"Mike Clay / ESPN, 17-game",2026-08-13,"Clay's guidance: minus 3 games (RB) / 2 games (QB,WR,TE)"
31,Oronde Gadsden II,LAC,31.0,106.0,17.0,0.0,0.0,0.0,58.0,42.0,445.0,3.0,0.0,11.0,,,,,,51.2,37.1,392.6,2.6,0.0,0.0,104.5,91.96,,,,5.41,"Mike Clay / ESPN, 17-game",2026-08-13,"Clay's guidance: minus 3 games (RB) / 2 games (QB,WR,TE)"
32,Cade Otton,TB,32.0,102.0,17.0,0.0,0.0,0.0,64.0,45.0,441.0,2.0,0.0,12.0,,,,,,56.5,39.7,389.1,1.8,0.0,0.0,101.1,89.41,,,,5.26,"Mike Clay / ESPN, 17-game",2026-08-13,"Clay's guidance: minus 3 games (RB) / 2 games (QB,WR,TE)"
33,Michael Mayer,LV,33.0,81.0,17.0,0.0,0.0,0.0,54.0,37.0,363.0,1.0,0.0,10.0,,,,,,47.6,32.6,320.3,0.9,0.0,0.0,79.3,70.03,,,,4.12,"Mike Clay / ESPN, 17-game",2026-08-13,"Clay's guidance: minus 3 games (RB) / 2 games (QB,WR,TE)"
34,David Njoku,LAC,34.0,75.0,17.0,0.0,0.0,0.0,42.0,29.0,299.0,3.0,0.0,8.0,,,,,,37.1,25.6,263.8,2.6,0.0,0.0,76.9,67.58,,,,3.98,"Mike Clay / ESPN, 17-game",2026-08-13,"Clay's guidance: minus 3 games (RB) / 2 games (QB,WR,TE)"
35,Darnell Washington,PIT,35.0,72.0,17.0,0.0,0.0,0.0,45.0,31.0,305.0,2.0,0.0,8.0,,,,,,39.7,27.4,269.1,1.8,0.0,0.0,73.5,65.11,,,,3.83,"Mike Clay / ESPN, 17-game",2026-08-13,"Clay's guidance: minus 3 games (RB) / 2 games (QB,WR,TE)"
36,Dawson Knox,BUF,36.0,68.0,17.0,0.0,0.0,0.0,36.0,25.0,265.0,3.0,0.0,7.0,,,,,,31.8,22.1,233.8,2.6,0.0,0.0,69.5,61.08,,,,3.59,"Mike Clay / ESPN, 17-game",2026-08-13,"Clay's guidance: minus 3 games (RB) / 2 games (QB,WR,TE)"
37,Colby Parkinson,LAR,37.0,65.0,17.0,0.0,0.0,0.0,34.0,24.0,249.0,3.0,0.0,6.0,,,,,,30.0,21.2,219.7,2.6,0.0,0.0,66.9,58.77,,,,3.46,"Mike Clay / ESPN, 17-game",2026-08-13,"Clay's guidance: minus 3 games (RB) / 2 games (QB,WR,TE)"
38,Theo Johnson,NYG,38.0,62.0,17.0,0.0,0.0,0.0,38.0,26.0,270.0,2.0,0.0,8.0,,,,,,33.5,22.9,238.2,1.8,0.0,0.0,65.0,57.52,,,,3.38,"Mike Clay / ESPN, 17-game",2026-08-13,"Clay's guidance: minus 3 games (RB) / 2 games (QB,WR,TE)"
39,Elijah Arroyo,SEA,40.0,61.0,17.0,0.0,0.0,0.0,35.0,24.0,264.0,2.0,0.0,7.0,,,,,,30.9,21.2,232.9,1.8,0.0,0.0,62.4,55.29,,,,3.25,"Mike Clay / ESPN, 17-game",2026-08-13,"Clay's guidance: minus 3 games (RB) / 2 games (QB,WR,TE)"
40,Noah Gray,KC,39.0,61.0,17.0,0.0,0.0,0.0,38.0,26.0,262.0,1.0,0.0,7.0,,,,,,33.5,22.9,231.2,0.9,0.0,0.0,58.2,51.42,,,,3.02,"Mike Clay / ESPN, 17-game",2026-08-13,"Clay's guidance: minus 3 games (RB) / 2 games (QB,WR,TE)"
41,Mason Taylor,NYJ,41.0,57.0,17.0,0.0,0.0,0.0,37.0,28.0,232.0,1.0,0.0,7.0,,,,,,32.6,24.7,204.7,0.9,0.0,0.0,57.2,50.57,,,,2.97,"Mike Clay / ESPN, 17-game",2026-08-13,"Clay's guidance: minus 3 games (RB) / 2 games (QB,WR,TE)"
42,Cole Kmet,CHI,42.0,54.0,17.0,0.0,0.0,0.0,31.0,22.0,219.0,2.0,0.0,6.0,,,,,,27.4,19.4,193.2,1.8,0.0,0.0,55.9,49.52,,,,2.91,"Mike Clay / ESPN, 17-game",2026-08-13,"Clay's guidance: minus 3 games (RB) / 2 games (QB,WR,TE)"
43,Elijah Higgins,ARZ,46.0,43.0,17.0,0.0,0.0,0.0,29.0,21.0,182.0,1.0,0.0,5.0,,,,,,25.6,18.5,160.6,0.9,0.0,0.0,45.2,39.96,,,,2.35,"Mike Clay / ESPN, 17-game",2026-08-13,"Clay's guidance: minus 3 games (RB) / 2 games (QB,WR,TE)"
44,Austin Hooper,ATL,45.0,43.0,17.0,0.0,0.0,0.0,27.0,21.0,181.0,1.0,0.0,5.0,,,,,,23.8,18.5,159.7,0.9,0.0,0.0,45.1,39.87,,,,2.35,"Mike Clay / ESPN, 17-game",2026-08-13,"Clay's guidance: minus 3 games (RB) / 2 games (QB,WR,TE)"
45,Noah Fant,NO,43.0,45.0,17.0,0.0,0.0,0.0,27.0,21.0,180.0,1.0,0.0,5.0,,,,,,23.8,18.5,158.8,0.9,0.0,0.0,45.0,39.78,,,,2.34,"Mike Clay / ESPN, 17-game",2026-08-13,"Clay's guidance: minus 3 games (RB) / 2 games (QB,WR,TE)"
46,Tommy Tremble,CAR,44.0,44.0,17.0,0.0,0.0,0.0,26.0,18.0,176.0,1.0,0.0,5.0,,,,,,22.9,15.9,155.3,0.9,0.0,0.0,41.6,36.83,,,,2.17,"Mike Clay / ESPN, 17-game",2026-08-13,"Clay's guidance: minus 3 games (RB) / 2 games (QB,WR,TE)"
47,Will Kacmarek,MIA,48.0,40.0,17.0,0.0,0.0,0.0,25.0,18.0,175.0,1.0,0.0,5.0,,,,,,22.1,15.9,154.4,0.9,0.0,0.0,41.5,36.74,,,,2.16,"Mike Clay / ESPN, 17-game",2026-08-13,"Clay's guidance: minus 3 games (RB) / 2 games (QB,WR,TE)"
48,Erick All,CIN,47.0,40.0,17.0,0.0,0.0,0.0,23.0,17.0,155.0,1.0,0.0,4.0,,,,,,20.3,15.0,136.8,0.9,0.0,0.0,38.5,34.08,,,,2.0,"Mike Clay / ESPN, 17-game",2026-08-13,"Clay's guidance: minus 3 games (RB) / 2 games (QB,WR,TE)"
49,Josh Oliver,MIN,50.0,38.0,17.0,0.0,0.0,0.0,22.0,17.0,151.0,1.0,0.0,4.0,,,,,,19.4,15.0,133.2,0.9,0.0,0.0,38.1,33.72,,,,1.98,"Mike Clay / ESPN, 17-game",2026-08-13,"Clay's guidance: minus 3 games (RB) / 2 games (QB,WR,TE)"
50,Drew Sample,CIN,49.0,39.0,17.0,0.0,0.0,0.0,23.0,17.0,146.0,1.0,0.0,4.0,,,,,,20.3,15.0,128.8,0.9,0.0,0.0,37.6,33.28,,,,1.96,"Mike Clay / ESPN, 17-game",2026-08-13,"Clay's guidance: minus 3 games (RB) / 2 games (QB,WR,TE)"
51,Eli Raridon,NE,52.0,37.0,17.0,0.0,0.0,0.0,21.0,16.0,151.0,1.0,0.0,4.0,,,,,,18.5,14.1,133.2,0.9,0.0,0.0,37.1,32.82,,,,1.93,"Mike Clay / ESPN, 17-game",2026-08-13,"Clay's guidance: minus 3 games (RB) / 2 games (QB,WR,TE)"
52,Tyler Higbee,LAR,51.0,38.0,17.0,0.0,0.0,0.0,22.0,15.0,154.0,1.0,0.0,4.0,,,,,,19.4,13.2,135.9,0.9,0.0,0.0,36.4,32.19,,,,1.89,"Mike Clay / ESPN, 17-game",2026-08-13,"Clay's guidance: minus 3 games (RB) / 2 games (QB,WR,TE)"
53,Charlie Kolar,LAC,53.0,36.0,17.0,0.0,0.0,0.0,21.0,15.0,148.0,1.0,0.0,4.0,,,,,,18.5,13.2,130.6,0.9,0.0,0.0,35.8,31.66,,,,1.86,"Mike Clay / ESPN, 17-game",2026-08-13,"Clay's guidance: minus 3 games (RB) / 2 games (QB,WR,TE)"
54,Cade Stover,HST,54.0,35.0,17.0,4.0,10.0,0.0,22.0,15.0,134.0,1.0,1.0,4.0,,,,,,19.4,13.2,118.2,0.9,8.8,0.0,35.4,31.3,,,,1.84,"Mike Clay / ESPN, 17-game",2026-08-13,"Clay's guidance: minus 3 games (RB) / 2 games (QB,WR,TE)"
55,John Bates,WAS,55.0,35.0,17.0,0.0,0.0,0.0,21.0,14.0,136.0,1.0,0.0,4.0,,,,,,18.5,12.4,120.0,0.9,0.0,0.0,33.6,29.8,,,,1.75,"Mike Clay / ESPN, 17-game",2026-08-13,"Clay's guidance: minus 3 games (RB) / 2 games (QB,WR,TE)"
56,Jake Tonges,SF,56.0,33.0,17.0,0.0,0.0,0.0,18.0,13.0,135.0,1.0,0.0,4.0,,,,,,15.9,11.5,119.1,0.9,0.0,0.0,32.5,28.81,,,,1.69,"Mike Clay / ESPN, 17-game",2026-08-13,"Clay's guidance: minus 3 games (RB) / 2 games (QB,WR,TE)"
57,Tanner Hudson,CIN,57.0,29.0,17.0,0.0,0.0,0.0,17.0,13.0,110.0,1.0,0.0,3.0,,,,,,15.0,11.5,97.1,0.9,0.0,0.0,30.0,26.61,,,,1.57,"Mike Clay / ESPN, 17-game",2026-08-13,"Clay's guidance: minus 3 games (RB) / 2 games (QB,WR,TE)"
58,Eli Stowers,PHI,58.0,29.0,17.0,5.0,20.0,0.0,15.0,11.0,107.0,1.0,1.0,3.0,,,,,,13.2,9.7,94.4,0.9,17.6,0.0,29.7,26.3,,,,1.55,"Mike Clay / ESPN, 17-game",2026-08-13,"Clay's guidance: minus 3 games (RB) / 2 games (QB,WR,TE)"
59,Adam Trautman,DEN,59.0,29.0,17.0,0.0,0.0,0.0,17.0,12.0,113.0,1.0,0.0,3.0,,,,,,15.0,10.6,99.7,0.9,0.0,0.0,29.3,25.97,,,,1.53,"Mike Clay / ESPN, 17-game",2026-08-13,"Clay's guidance: minus 3 games (RB) / 2 games (QB,WR,TE)"
60,Mo Alie-Cox,IND,62.0,27.0,17.0,0.0,0.0,0.0,16.0,11.0,111.0,1.0,0.0,3.0,,,,,,14.1,9.7,97.9,0.9,0.0,0.0,28.1,24.89,,,,1.46,"Mike Clay / ESPN, 17-game",2026-08-13,"Clay's guidance: minus 3 games (RB) / 2 games (QB,WR,TE)"
61,Luke Schoonmaker,DAL,60.0,28.0,17.0,0.0,0.0,0.0,17.0,11.0,110.0,1.0,0.0,3.0,,,,,,15.0,9.7,97.1,0.9,0.0,0.0,28.0,24.81,,,,1.46,"Mike Clay / ESPN, 17-game",2026-08-13,"Clay's guidance: minus 3 games (RB) / 2 games (QB,WR,TE)"
62,Jackson Hawes,BUF,61.0,27.0,17.0,0.0,0.0,0.0,15.0,11.0,110.0,1.0,0.0,3.0,,,,,,13.2,9.7,97.1,0.9,0.0,0.0,28.0,24.81,,,,1.46,"Mike Clay / ESPN, 17-game",2026-08-13,"Clay's guidance: minus 3 games (RB) / 2 games (QB,WR,TE)"
63,Ja'Tavion Sanders,CAR,65.0,25.0,17.0,0.0,0.0,0.0,16.0,12.0,98.0,1.0,0.0,3.0,,,,,,14.1,10.6,86.5,0.9,0.0,0.0,27.8,24.65,,,,1.45,"Mike Clay / ESPN, 17-game",2026-08-13,"Clay's guidance: minus 3 games (RB) / 2 games (QB,WR,TE)"
64,Ben Sinnott,WAS,63.0,27.0,17.0,0.0,0.0,0.0,15.0,11.0,107.0,1.0,0.0,3.0,,,,,,13.2,9.7,94.4,0.9,0.0,0.0,27.7,24.54,,,,1.44,"Mike Clay / ESPN, 17-game",2026-08-13,"Clay's guidance: minus 3 games (RB) / 2 games (QB,WR,TE)"
65,Jeremy Ruckert,NYJ,66.0,25.0,17.0,0.0,0.0,0.0,16.0,12.0,96.0,1.0,0.0,3.0,,,,,,14.1,10.6,84.7,0.9,0.0,0.0,27.6,24.47,,,,1.44,"Mike Clay / ESPN, 17-game",2026-08-13,"Clay's guidance: minus 3 games (RB) / 2 games (QB,WR,TE)"
66,Luke Musgrave,GB,67.0,24.0,17.0,0.0,0.0,0.0,16.0,11.0,102.0,1.0,0.0,3.0,,,,,,14.1,9.7,90.0,0.9,0.0,0.0,27.2,24.1,,,,1.42,"Mike Clay / ESPN, 17-game",2026-08-13,"Clay's guidance: minus 3 games (RB) / 2 games (QB,WR,TE)"
67,Durham Smythe,BLT,68.0,24.0,17.0,0.0,0.0,0.0,14.0,10.0,94.0,1.0,0.0,3.0,,,,,,12.4,8.8,82.9,0.9,0.0,0.0,25.4,22.49,,,,1.32,"Mike Clay / ESPN, 17-game",2026-08-13,"Clay's guidance: minus 3 games (RB) / 2 games (QB,WR,TE)"
68,Daniel Bellinger,TEN,64.0,27.0,17.0,0.0,0.0,0.0,17.0,13.0,112.0,0.0,0.0,3.0,,,,,,15.0,11.5,98.8,0.0,0.0,0.0,24.2,21.38,,,,1.26,"Mike Clay / ESPN, 17-game",2026-08-13,"Clay's guidance: minus 3 games (RB) / 2 games (QB,WR,TE)"
69,Foster Moreau,HST,70.0,19.0,17.0,0.0,0.0,0.0,11.0,8.0,79.0,1.0,0.0,2.0,,,,,,9.7,7.1,69.7,0.9,0.0,0.0,21.9,19.47,,,,1.15,"Mike Clay / ESPN, 17-game",2026-08-13,"Clay's guidance: minus 3 games (RB) / 2 games (QB,WR,TE)"
70,Davis Allen,LAR,69.0,20.0,17.0,0.0,0.0,0.0,11.0,8.0,74.0,1.0,0.0,2.0,,,,,,9.7,7.1,65.3,0.9,0.0,0.0,21.4,19.03,,,,1.12,"Mike Clay / ESPN, 17-game",2026-08-13,"Clay's guidance: minus 3 games (RB) / 2 games (QB,WR,TE)"
71,Nate Boerkircher,JAX,73.0,18.0,17.0,0.0,0.0,0.0,11.0,8.0,73.0,1.0,0.0,2.0,,,,,,9.7,7.1,64.4,0.9,0.0,0.0,21.3,18.94,,,,1.11,"Mike Clay / ESPN, 17-game",2026-08-13,"Clay's guidance: minus 3 games (RB) / 2 games (QB,WR,TE)"
72,Brock Wright,DET,72.0,19.0,17.0,0.0,0.0,0.0,11.0,8.0,72.0,1.0,0.0,2.0,,,,,,9.7,7.1,63.5,0.9,0.0,0.0,21.2,18.85,,,,1.11,"Mike Clay / ESPN, 17-game",2026-08-13,"Clay's guidance: minus 3 games (RB) / 2 games (QB,WR,TE)"
73,Nate Adkins,DEN,71.0,19.0,17.0,0.0,0.0,0.0,11.0,8.0,69.0,1.0,0.0,2.0,,,,,,9.7,7.1,60.9,0.9,0.0,0.0,20.9,18.59,,,,1.09,"Mike Clay / ESPN, 17-game",2026-08-13,"Clay's guidance: minus 3 games (RB) / 2 games (QB,WR,TE)"
74,Payne Durham,TB,74.0,18.0,17.0,0.0,0.0,0.0,11.0,7.0,71.0,1.0,0.0,2.0,,,,,,9.7,6.2,62.6,0.9,0.0,0.0,20.1,17.86,,,,1.05,"Mike Clay / ESPN, 17-game",2026-08-13,"Clay's guidance: minus 3 games (RB) / 2 games (QB,WR,TE)"
75,Joe Royer,CLV,75.0,16.0,17.0,0.0,0.0,0.0,10.0,8.0,67.0,0.0,0.0,2.0,,,,,,8.8,7.1,59.1,0.0,0.0,0.0,14.7,13.01,,,,0.77,"Mike Clay / ESPN, 17-game",2026-08-13,"Clay's guidance: minus 3 games (RB) / 2 games (QB,WR,TE)"
76,Ben Sims,MIA,76.0,15.0,17.0,0.0,0.0,0.0,10.0,7.0,65.0,0.0,0.0,2.0,,,,,,8.8,6.2,57.4,0.0,0.0,0.0,13.5,11.94,,,,0.7,"Mike Clay / ESPN, 17-game",2026-08-13,"Clay's guidance: minus 3 games (RB) / 2 games (QB,WR,TE)"
77,Luke Farrell,SF,77.0,10.0,17.0,0.0,0.0,0.0,6.0,4.0,41.0,0.0,0.0,1.0,,,,,,5.3,3.5,36.2,0.0,0.0,0.0,8.1,7.12,,,,0.42,"Mike Clay / ESPN, 17-game",2026-08-13,"Clay's guidance: minus 3 games (RB) / 2 games (QB,WR,TE)"
78,Max Klare,LAR,78.0,10.0,17.0,0.0,0.0,0.0,6.0,4.0,38.0,0.0,0.0,1.0,,,,,,5.3,3.5,33.5,0.0,0.0,0.0,7.8,6.85,,,,0.4,"Mike Clay / ESPN, 17-game",2026-08-13,"Clay's guidance: minus 3 games (RB) / 2 games (QB,WR,TE)"
79,Justin Joly,DEN,79.0,10.0,17.0,0.0,0.0,0.0,6.0,4.0,38.0,0.0,0.0,1.0,,,,,,5.3,3.5,33.5,0.0,0.0,0.0,7.8,6.85,,,,0.4,"Mike Clay / ESPN, 17-game",2026-08-13,"Clay's guidance: minus 3 games (RB) / 2 games (QB,WR,TE)"
80,Brevyn Spann-Ford,DAL,80.0,9.0,17.0,0.0,0.0,0.0,6.0,4.0,37.0,0.0,0.0,1.0,,,,,,5.3,3.5,32.6,0.0,0.0,0.0,7.7,6.76,,,,0.4,"Mike Clay / ESPN, 17-game",2026-08-13,"Clay's guidance: minus 3 games (RB) / 2 games (QB,WR,TE)"
