sleeper_name_key,master_name_key,player_display,position
jahmyr gibbs,jahmyr gibbs,Jahmyr Gibbs,RB
bijan robinson,bijan robinson,Bijan Robinson,RB
jamarr chase,jamarr chase,Ja'Marr Chase,WR
puka nacua,puka nacua,Puka Nacua,WR
christian mccaffrey,christian mccaffrey,Christian McCaffrey,RB
jaxon smith njigba,jaxon smith njigba,Jaxon Smith-Njigba,WR
jonathan taylor,jonathan taylor,Jonathan Taylor,RB
ceedee lamb,ceedee lamb,CeeDee Lamb,WR
amon ra st brown,amon ra st brown,Amon-Ra St. Brown,WR
james cook,james cook,James Cook,RB
justin jefferson,justin jefferson,Justin Jefferson,WR
devon achane,devon achane,De'Von Achane,RB
saquon barkley,saquon barkley,Saquon Barkley,RB
ashton jeanty,ashton jeanty,Ashton Jeanty,RB
drake london,drake london,Drake London,WR
omarion hampton,omarion hampton,Omarion Hampton,RB
chase brown,chase brown,Chase Brown,RB
aj brown,aj brown,A.J. Brown,WR
trey mcbride,trey mcbride,Trey McBride,TE
kenneth walker,ken walker,Kenneth Walker III,RB
brock bowers,brock bowers,Brock Bowers,TE
derrick henry,derrick henry,Derrick Henry,RB
george pickens,george pickens,George Pickens,WR
josh allen,josh allen,Josh Allen,QB
jeremiyah love,jeremiyah love,Jeremiyah Love,RB
nico collins,nico collins,Nico Collins,WR
rashee rice,rashee rice,Rashee Rice,WR
malik nabers,malik nabers,Malik Nabers,WR
chris olave,chris olave,Chris Olave,WR
kyren williams,kyren williams,Kyren Williams,RB
josh jacobs,josh jacobs,Josh Jacobs,RB
breece hall,breece hall,Breece Hall,RB
lamar jackson,lamar jackson,Lamar Jackson,QB
tee higgins,tee higgins,Tee Higgins,WR
javonte williams,javonte williams,Javonte Williams,RB
tetairoa mcmillan,tetairoa mcmillan,Tetairoa McMillan,WR
bucky irving,bucky irving,Bucky Irving,RB
devonta smith,devonta smith,DeVonta Smith,WR
ladd mcconkey,ladd mcconkey,Ladd McConkey,WR
emeka egbuka,emeka egbuka,Emeka Egbuka,WR
colston loveland,colston loveland,Colston Loveland,TE
travis etienne,travis etienne,Travis Etienne,RB
garrett wilson,garrett wilson,Garrett Wilson,WR
cameron skattebo,cam skattebo,Cameron Skattebo,RB
zay flowers,zay flowers,Zay Flowers,WR
tyler warren,tyler warren,Tyler Warren,TE
jaylen waddle,jaylen waddle,Jaylen Waddle,WR
luther burden,luther burden,Luther Burden III,WR
drake maye,drake maye,Drake Maye,QB
davante adams,davante adams,Davante Adams,WR
treveyon henderson,treveyon henderson,TreVeyon Henderson,RB
quinshon judkins,quinshon judkins,Quinshon Judkins,RB
david montgomery,david montgomery,David Montgomery,RB
joe burrow,joe burrow,Joe Burrow,QB
terry mclaurin,terry mclaurin,Terry McLaurin,WR
jameson williams,jameson williams,Jameson Williams,WR
dj moore,dj moore,D.J. Moore,WR
dandre swift,dandre swift,D'Andre Swift,RB
mike evans,mike evans,Mike Evans,WR
bhayshul tuten,bhayshul tuten,Bhayshul Tuten,RB
jayden daniels,jayden daniels,Jayden Daniels,QB
sam laporta,sam laporta,Sam LaPorta,TE
carnell tate,carnell tate,Carnell Tate,WR
jalen hurts,jalen hurts,Jalen Hurts,QB
tucker kraft,tucker kraft,Tucker Kraft,TE
rome odunze,rome odunze,Rome Odunze,WR
harold fannin,harold fannin,Harold Fannin Jr.,TE
kyle pitts,kyle pitts,Kyle Pitts,TE
christian watson,christian watson,Christian Watson,WR
jadarian price,jadarian price,Jadarian Price,RB
dk metcalf,dk metcalf,D.K. Metcalf,WR
brian thomas,brian thomas,Brian Thomas Jr.,WR
caleb williams,caleb williams,Caleb Williams,QB
jaylen warren,jaylen warren,Jaylen Warren,RB
jordyn tyson,jordyn tyson,Jordyn Tyson,WR
chuba hubbard,chuba hubbard,Chuba Hubbard,RB
marvin harrison,marvin harrison,Marvin Harrison Jr.,WR
rj harvey,rj harvey,RJ Harvey,RB
parker washington,parker washington,Parker Washington,WR
courtland sutton,courtland sutton,Courtland Sutton,WR
jaxson dart,jaxson dart,Jaxson Dart,QB
makai lemon,makai lemon,Makai Lemon,WR
michael wilson,michael wilson,Michael Wilson,WR
justin herbert,justin herbert,Justin Herbert,QB
dak prescott,dak prescott,Dak Prescott,QB
rhamondre stevenson,rhamondre stevenson,Rhamondre Stevenson,RB
tony pollard,tony pollard,Tony Pollard,RB
rico dowdle,rico dowdle,Rico Dowdle,RB
jk dobbins,jk dobbins,J.K. Dobbins,RB
dalton kincaid,dalton kincaid,Dalton Kincaid,TE
george kittle,george kittle,George Kittle,TE
alec pierce,alec pierce,Alec Pierce,WR
kyle monangai,kyle monangai,Kyle Monangai,RB
chris godwin,chris godwin,Chris Godwin,WR
travis kelce,travis kelce,Travis Kelce,TE
trevor lawrence,trevor lawrence,Trevor Lawrence,QB
jakobi meyers,jakobi meyers,Jakobi Meyers,WR
jake ferguson,jake ferguson,Jake Ferguson,TE
michael pittman,michael pittman,Michael Pittman Jr.,WR
blake corum,blake corum,Blake Corum,RB
matthew stafford,matthew stafford,Matthew Stafford,QB
jordan addison,jordan addison,Jordan Addison,WR
quentin johnston,quentin johnston,Quentin Johnston,WR
patrick mahomes,patrick mahomes,Patrick Mahomes,QB
oronde gadsden,oronde gadsden,Oronde Gadsden II,TE
wandale robinson,wandale robinson,Wan'Dale Robinson,WR
kenneth gainwell,kenneth gainwell,Kenneth Gainwell,RB
josh downs,josh downs,Josh Downs,WR
jacory croskey merritt,jacory croskey merritt,Jacory Croskey-Merritt,RB
jayden reed,jayden reed,Jayden Reed,WR
isaiah likely,isaiah likely,Isaiah Likely,TE
brock purdy,brock purdy,Brock Purdy,QB
aaron jones,aaron jones,Aaron Jones,RB
stefon diggs,stefon diggs,Stefon Diggs,WR
bo nix,bo nix,Bo Nix,QB
jordan mason,jordan mason,Jordan Mason,RB
dallas goedert,dallas goedert,Dallas Goedert,TE
hunter henry,hunter henry,Hunter Henry,TE
romeo doubs,romeo doubs,Romeo Doubs,WR
rachaad white,rachaad white,Rachaad White,RB
mark andrews,mark andrews,Mark Andrews,TE
jared goff,jared goff,Jared Goff,QB
brandon aubrey,brandon aubrey,Brandon Aubrey,K
cameron dicker,cameron dicker,Cameron Dicker,K
jonathon brooks,jonathon brooks,Jonathon Brooks,RB
jason myers,jason myers,Jason Myers,K
matthew golden,matthew golden,Matthew Golden,WR
kc concepcion,kc concepcion,KC Concepcion,WR
khalil shakir,khalil shakir,Khalil Shakir,WR
jayden higgins,jayden higgins,Jayden Higgins,WR
deebo samuel,deebo samuel,Deebo Samuel,WR
xavier worthy,xavier worthy,Xavier Worthy,WR
zach charbonnet,zach charbonnet,Zach Charbonnet,RB
kaimi fairbairn,kaimi fairbairn,Ka'imi Fairbairn,K
kenyon sadiq,kenyon sadiq,Kenyon Sadiq,TE
cam little,cam little,Cam Little,K
jalen coker,jalen coker,Jalen Coker,WR
brian robinson,brian robinson,Brian Robinson Jr.,RB
jordan love,jordan love,Jordan Love,QB
baker mayfield,baker mayfield,Baker Mayfield,QB
tyler allgeier,tyler allgeier,Tyler Allgeier,RB
brenton strange,brenton strange,Brenton Strange,TE
harrison mevis,harrison mevis,Harrison Mevis,K
andres borregales,andres borregales,Andres Borregales,K
chris rodriguez,chris rodriguez,Chris Rodriguez,RB
rashid shaheed,rashid shaheed,Rashid Shaheed,WR
tyrone tracy,tyrone tracy,Tyrone Tracy Jr.,RB
kyler murray,kyler murray,Kyler Murray,QB
woody marks,woody marks,Woody Marks,RB
denzel boston,denzel boston,Denzel Boston,WR
alvin kamara,alvin kamara,Alvin Kamara,RB
tyler shough,tyler shough,Tyler Shough,QB
tj hockenson,tj hockenson,T.J. Hockenson,TE
jonah coleman,jonah coleman,Jonah Coleman,RB
travis hunter,travis hunter,Travis Hunter,WR
will reichard,will reichard,Will Reichard,K
chigoziem okonkwo,chigoziem okonkwo,Chigoziem Okonkwo,TE
juwan johnson,juwan johnson,Juwan Johnson,TE
omar cooper,omar cooper,Omar Cooper Jr.,WR
tyjae spears,tyjae spears,Tyjae Spears,RB
eddy pineiro,eddy pineiro,Eddy Pineiro,K
jauan jennings,jauan jennings,Jauan Jennings,WR
chris boswell,chris boswell,Chris Boswell,K
jakobi lane,jakobi lane,Ja'Kobi Lane,WR
dezhaun stribling,dezhaun stribling,De'Zhaun Stribling,WR
jake bates,jake bates,Jake Bates,K
sam darnold,sam darnold,Sam Darnold,QB
keaton mitchell,keaton mitchell,Keaton Mitchell,RB
jalen nailor,jalen nailor,Jalen Nailor,WR
harrison butker,harrison butker,Harrison Butker,K
fernando mendoza,fernando mendoza,Fernando Mendoza,QB
evan mcpherson,evan mcpherson,Evan McPherson,K
isiah pacheco,isiah pacheco,Isiah Pacheco,RB
malik willis,malik willis,Malik Willis,QB
aj barner,aj barner,AJ Barner,TE
dalton schultz,dalton schultz,Dalton Schultz,TE
tank bigsby,tank bigsby,Tank Bigsby,RB
cj stroud,cj stroud,C.J. Stroud,QB
zachariah branch,zachariah branch,Zachariah Branch,WR
dylan sampson,dylan sampson,Dylan Sampson,RB
jalen mcmillan,jalen mcmillan,Jalen McMillan,WR
jerry jeudy,jerry jeudy,Jerry Jeudy,WR
emmett johnson,emmett johnson,Emmett Johnson,RB
nicholas singleton,nicholas singleton,Nicholas Singleton,RB
cairo santos,cairo santos,Cairo Santos,K
antonio williams,antonio williams,Antonio Williams,WR
tyler loop,tyler loop,Tyler Loop,K
cyrus allen,cyrus allen,Cyrus Allen,WR
cameron ward,cameron ward,Cameron Ward,QB
bryce young,bryce young,Bryce Young,QB
daniel jones,daniel jones,Daniel Jones,QB
malik washington,malik washington,Malik Washington,WR
tre tucker,tre tucker,Tre Tucker,WR
terrance ferguson,terrance ferguson,Terrance Ferguson,TE
mike washington,mike washington,Mike Washington Jr.,RB
jaylin noel,jaylin noel,Jaylin Noel,WR
david njoku,david njoku,David Njoku,TE
isaac teslaa,isaac teslaa,Isaac TeSlaa,WR
tre harris,tre harris,Tre Harris,WR
cade otton,cade otton,Cade Otton,TE
kaleb johnson,kaleb johnson,Kaleb Johnson,RB
braelon allen,braelon allen,Braelon Allen,RB
adonai mitchell,adonai mitchell,Adonai Mitchell,WR
marvin mims,marvin mims,Marvin Mims Jr.,WR
kayshon boutte,kayshon boutte,Kayshon Boutte,WR
kimani vidal,kimani vidal,Kimani Vidal,RB
eli stowers,eli stowers,Eli Stowers,TE
jj mccarthy,jj mccarthy,J.J. McCarthy,QB
mason taylor,mason taylor,Mason Taylor,TE
kendre miller,kendre miller,Kendre Miller,RB
marshawn lloyd,marshawn lloyd,MarShawn Lloyd,RB
chase mclaughlin,chase mclaughlin,Chase McLaughlin,K
brashard smith,brashard smith,Brashard Smith,RB
michael penix,michael penix,Michael Penix Jr.,QB
tory horton,tory horton,Tory Horton,WR
cooper kupp,cooper kupp,Cooper Kupp,WR
elijah sarratt,elijah sarratt,Elijah Sarratt,WR
chimere dike,chimere dike,Chimere Dike,WR
pat bryant,pat bryant,Pat Bryant,WR
jaydon blue,jaydon blue,Jaydon Blue,RB
