rank,player,team,clay_pos_rk,clay_ff_pts,clay_games,clay_pass_att,clay_comp,clay_pass_yds,clay_pass_tds,clay_int,clay_sacked,clay_rush_att,clay_rush_yds,clay_rush_tds,mkt_pass_yds,mkt_pass_yds_book,mkt_as_of,adj_pass_yds,adj_pass_tds,adj_rush_yds,adj_rush_tds,adj_pass_att,adj_comp,adj_rush_att,ppr_clay_17g,ppr_clay_propadj,mkt_vs_clay17_pass_yds,mkt_vs_clayadj_pass_yds,ppr_per_game_propadj,proj_source,proj_as_of,propadj_method
1,Josh Allen,BUF,1.0,369.0,17.0,509.0,340.0,3945.0,26.0,12.0,36.0,116.0,579.0,12.0,3624.5,DraftKings,2026-08-10,3480.9,22.9,510.9,10.6,449.1,300.0,102.4,417.7,368.43,-320.5,143.6,21.67,"Mike Clay / ESPN, 17-game",2026-08-13,"Clay's guidance: minus 3 games (RB) / 2 games (QB,WR,TE)"
2,Lamar Jackson,BLT,2.0,322.0,17.0,467.0,303.0,3886.0,26.0,10.0,39.0,122.0,671.0,4.0,3249.5,DraftKings,2026-08-10,3428.8,22.9,592.1,3.5,412.1,267.4,107.6,376.54,331.86,-636.5,-179.3,19.52,"Mike Clay / ESPN, 17-game",2026-08-13,"Clay's guidance: minus 3 games (RB) / 2 games (QB,WR,TE)"
3,Drake Maye,NE,4.0,319.0,17.0,520.0,355.0,4094.0,27.0,11.0,47.0,101.0,532.0,4.0,3799.5,DraftKings,2026-08-10,3612.4,23.8,469.4,3.5,458.8,313.2,89.1,375.96,331.44,-294.5,187.1,19.5,"Mike Clay / ESPN, 17-game",2026-08-13,"Clay's guidance: minus 3 games (RB) / 2 games (QB,WR,TE)"
4,Jalen Hurts,PHI,3.0,321.0,17.0,499.0,328.0,3780.0,24.0,9.0,39.0,106.0,438.0,9.0,3249.5,DraftKings,2026-08-10,3335.3,21.2,386.5,7.9,440.3,289.4,93.5,369.0,325.46,-530.5,-85.8,19.14,"Mike Clay / ESPN, 17-game",2026-08-13,"Clay's guidance: minus 3 games (RB) / 2 games (QB,WR,TE)"
5,Jayden Daniels,WAS,5.0,318.0,17.0,520.0,347.0,3854.0,22.0,10.0,39.0,131.0,670.0,5.0,3249.5,DraftKings,2026-08-10,3400.6,19.4,591.2,4.4,458.8,306.2,115.6,361.16,318.54,-604.5,-151.1,18.74,"Mike Clay / ESPN, 17-game",2026-08-13,"Clay's guidance: minus 3 games (RB) / 2 games (QB,WR,TE)"
6,Joe Burrow,CIN,6.0,304.0,17.0,569.0,385.0,4122.0,33.0,11.0,41.0,52.0,189.0,2.0,3999.5,DraftKings,2026-08-10,3637.1,29.1,166.8,1.8,502.1,339.7,45.9,360.78,318.46,-122.5,362.4,18.73,"Mike Clay / ESPN, 17-game",2026-08-13,"Clay's guidance: minus 3 games (RB) / 2 games (QB,WR,TE)"
7,Matthew Stafford,LAR,9.0,293.0,17.0,558.0,356.0,4282.0,35.0,10.0,32.0,27.0,39.0,1.0,3949.5,DraftKings,2026-08-10,3778.2,30.9,34.4,0.9,492.4,314.1,23.8,356.18,314.47,-332.5,171.3,18.5,"Mike Clay / ESPN, 17-game",2026-08-13,"Clay's guidance: minus 3 games (RB) / 2 games (QB,WR,TE)"
8,Brock Purdy,SF,10.0,292.0,17.0,530.0,352.0,4181.0,27.0,14.0,34.0,65.0,277.0,4.0,3799.5,DraftKings,2026-08-10,3689.1,23.8,244.4,3.5,467.6,310.6,57.4,353.94,312.0,-381.5,110.4,18.35,"Mike Clay / ESPN, 17-game",2026-08-13,"Clay's guidance: minus 3 games (RB) / 2 games (QB,WR,TE)"
9,Jaxson Dart,NYG,7.0,301.0,17.0,504.0,327.0,3689.0,21.0,10.0,41.0,101.0,553.0,7.0,3150.5,DraftKings,2026-08-10,3255.0,18.5,487.9,6.2,444.7,288.5,89.1,349.86,308.69,-538.5,-104.5,18.16,"Mike Clay / ESPN, 17-game",2026-08-13,"Clay's guidance: minus 3 games (RB) / 2 games (QB,WR,TE)"
10,Dak Prescott,DAL,13.0,287.0,17.0,556.0,372.0,4120.0,30.0,12.0,35.0,51.0,186.0,2.0,3999.5,DraftKings,2026-08-10,3635.3,26.5,164.1,1.8,490.6,328.2,45.0,345.4,305.12,-120.5,364.2,17.95,"Mike Clay / ESPN, 17-game",2026-08-13,"Clay's guidance: minus 3 games (RB) / 2 games (QB,WR,TE)"
11,Trevor Lawrence,JAX,12.0,287.0,17.0,560.0,347.0,3928.0,25.0,13.0,38.0,73.0,334.0,5.0,3774.5,DraftKings,2026-08-10,3465.9,22.1,294.7,4.4,494.1,306.2,64.4,345.52,305.01,-153.5,308.6,17.94,"Mike Clay / ESPN, 17-game",2026-08-13,"Clay's guidance: minus 3 games (RB) / 2 games (QB,WR,TE)"
12,Bo Nix,DEN,8.0,295.0,17.0,565.0,364.0,3873.0,26.0,11.0,27.0,82.0,356.0,4.0,3499.5,DraftKings,2026-08-10,3417.4,22.9,314.1,3.5,498.5,321.2,72.4,344.52,303.61,-373.5,82.1,17.86,"Mike Clay / ESPN, 17-game",2026-08-13,"Clay's guidance: minus 3 games (RB) / 2 games (QB,WR,TE)"
13,Patrick Mahomes,KC,11.0,290.0,17.0,551.0,358.0,3993.0,26.0,12.0,34.0,53.0,326.0,3.0,,,,3523.2,22.9,287.6,2.6,486.2,315.9,46.8,340.32,299.79,,,17.63,"Mike Clay / ESPN, 17-game",2026-08-13,"Clay's guidance: minus 3 games (RB) / 2 games (QB,WR,TE)"
14,Justin Herbert,LAC,14.0,283.0,17.0,528.0,345.0,3846.0,26.0,11.0,45.0,78.0,406.0,2.0,3650.5,DraftKings,2026-08-10,3393.5,22.9,358.2,1.8,465.9,304.4,68.8,336.44,296.86,-195.5,257.0,17.46,"Mike Clay / ESPN, 17-game",2026-08-13,"Clay's guidance: minus 3 games (RB) / 2 games (QB,WR,TE)"
15,Caleb Williams,CHI,15.0,282.0,17.0,528.0,317.0,3823.0,25.0,10.0,32.0,71.0,382.0,2.0,3649.5,DraftKings,2026-08-10,3373.2,22.1,337.1,1.8,465.9,279.7,62.6,328.12,289.94,-173.5,276.3,17.06,"Mike Clay / ESPN, 17-game",2026-08-13,"Clay's guidance: minus 3 games (RB) / 2 games (QB,WR,TE)"
16,Jared Goff,DET,16.0,269.0,17.0,544.0,371.0,4218.0,29.0,10.0,35.0,27.0,50.0,1.0,4099.5,DraftKings,2026-08-10,3721.8,25.6,44.1,0.9,480.0,327.4,23.8,324.72,286.68,-118.5,377.7,16.86,"Mike Clay / ESPN, 17-game",2026-08-13,"Clay's guidance: minus 3 games (RB) / 2 games (QB,WR,TE)"
17,Baker Mayfield,TB,19.0,265.0,17.0,526.0,339.0,3828.0,25.0,12.0,38.0,54.0,324.0,1.0,3599.5,DraftKings,2026-08-10,3377.6,22.1,285.9,0.9,464.1,299.1,47.6,316.52,279.59,-228.5,221.9,16.45,"Mike Clay / ESPN, 17-game",2026-08-13,"Clay's guidance: minus 3 games (RB) / 2 games (QB,WR,TE)"
18,Daniel Jones,IND,17.0,267.0,17.0,527.0,349.0,3742.0,20.0,11.0,43.0,73.0,307.0,6.0,,,,3301.8,17.6,270.9,5.3,465.0,307.9,64.4,316.38,278.96,,,16.41,"Mike Clay / ESPN, 17-game",2026-08-13,"Clay's guidance: minus 3 games (RB) / 2 games (QB,WR,TE)"
19,Jordan Love,GB,20.0,259.0,17.0,531.0,342.0,3995.0,25.0,11.0,29.0,50.0,213.0,1.0,3549.5,DraftKings,2026-08-10,3525.0,22.1,187.9,0.9,468.5,301.8,44.1,312.1,275.69,-445.5,24.5,16.22,"Mike Clay / ESPN, 17-game",2026-08-13,"Clay's guidance: minus 3 games (RB) / 2 games (QB,WR,TE)"
20,Tyler Shough,NO,18.0,265.0,17.0,548.0,356.0,3891.0,20.0,11.0,42.0,66.0,285.0,4.0,3449.5,DraftKings,2026-08-10,3433.2,17.6,251.5,3.5,483.5,314.1,58.2,308.14,271.48,-441.5,16.3,15.97,"Mike Clay / ESPN, 17-game",2026-08-13,"Clay's guidance: minus 3 games (RB) / 2 games (QB,WR,TE)"
21,Sam Darnold,SEA,23.0,242.0,17.0,513.0,335.0,4013.0,24.0,12.0,38.0,44.0,126.0,1.0,3699.5,DraftKings,2026-08-10,3540.9,21.2,111.2,0.9,452.6,295.6,38.8,299.12,264.16,-313.5,158.6,15.54,"Mike Clay / ESPN, 17-game",2026-08-13,"Clay's guidance: minus 3 games (RB) / 2 games (QB,WR,TE)"
22,C.J. Stroud,HST,22.0,246.0,17.0,551.0,351.0,3946.0,21.0,12.0,39.0,57.0,249.0,1.0,3599.5,DraftKings,2026-08-10,3481.8,18.5,219.7,0.9,486.2,309.7,50.3,293.74,259.14,-346.5,117.7,15.24,"Mike Clay / ESPN, 17-game",2026-08-13,"Clay's guidance: minus 3 games (RB) / 2 games (QB,WR,TE)"
23,Kyler Murray,MIN,21.0,251.0,17.0,490.0,331.0,3347.0,19.0,10.0,34.0,71.0,444.0,3.0,,,,2953.2,16.8,391.8,2.6,432.4,292.1,62.6,291.28,256.91,,,15.11,"Mike Clay / ESPN, 17-game",2026-08-13,"Clay's guidance: minus 3 games (RB) / 2 games (QB,WR,TE)"
24,Bryce Young,CAR,24.0,238.0,17.0,540.0,336.0,3642.0,20.0,12.0,37.0,58.0,272.0,2.0,2924.5,DraftKings,2026-08-10,3213.5,17.6,240.0,1.8,476.5,296.5,51.2,284.88,251.34,-717.5,-289.0,14.78,"Mike Clay / ESPN, 17-game",2026-08-13,"Clay's guidance: minus 3 games (RB) / 2 games (QB,WR,TE)"
25,Geno Smith,NYJ,26.0,232.0,17.0,531.0,361.0,3813.0,20.0,14.0,47.0,58.0,220.0,1.0,,,,3364.4,17.6,194.1,0.9,468.5,318.5,51.2,280.52,247.39,,,14.55,"Mike Clay / ESPN, 17-game",2026-08-13,"Clay's guidance: minus 3 games (RB) / 2 games (QB,WR,TE)"
26,Malik Willis,MIA,25.0,237.0,17.0,505.0,322.0,3554.0,13.0,10.0,42.0,106.0,545.0,3.0,2949.5,DraftKings,2026-08-10,3135.9,11.5,480.9,2.6,445.6,284.1,93.5,279.66,246.63,-604.5,-186.4,14.51,"Mike Clay / ESPN, 17-game",2026-08-13,"Clay's guidance: minus 3 games (RB) / 2 games (QB,WR,TE)"
27,Aaron Rodgers,PIT,28.0,218.0,17.0,568.0,363.0,3768.0,20.0,11.0,38.0,28.0,100.0,1.0,3149.5,DraftKings,2026-08-10,3324.7,17.6,88.2,0.9,501.2,320.3,24.7,266.72,235.21,-618.5,-175.2,13.84,"Mike Clay / ESPN, 17-game",2026-08-13,"Clay's guidance: minus 3 games (RB) / 2 games (QB,WR,TE)"
28,Cameron Ward,TEN,27.0,219.0,17.0,558.0,355.0,3753.0,16.0,10.0,41.0,47.0,200.0,2.0,,,,3311.5,14.1,176.5,1.8,492.4,313.2,41.5,262.12,231.41,,,13.61,"Mike Clay / ESPN, 17-game",2026-08-13,"Clay's guidance: minus 3 games (RB) / 2 games (QB,WR,TE)"
29,Jacoby Brissett,ARZ,29.0,200.0,17.0,517.0,327.0,3359.0,15.0,9.0,40.0,47.0,210.0,1.0,,,,2963.8,13.2,185.3,0.9,456.2,288.5,41.5,236.36,208.48,,,12.26,"Mike Clay / ESPN, 17-game",2026-08-13,"Clay's guidance: minus 3 games (RB) / 2 games (QB,WR,TE)"
30,Fernando Mendoza,LV,30.0,187.0,17.0,448.0,283.0,3052.0,14.0,10.0,36.0,52.0,226.0,2.0,,,,2692.9,12.4,199.4,1.8,395.3,249.7,45.9,226.68,200.46,,,11.79,"Mike Clay / ESPN, 17-game",2026-08-13,"Clay's guidance: minus 3 games (RB) / 2 games (QB,WR,TE)"
31,Deshaun Watson,CLV,31.0,124.0,17.0,311.0,191.0,2042.0,8.0,7.0,31.0,42.0,211.0,1.0,,,,1801.8,7.1,186.2,0.9,274.4,168.5,37.1,148.78,131.59,,,7.74,"Mike Clay / ESPN, 17-game",2026-08-13,"Clay's guidance: minus 3 games (RB) / 2 games (QB,WR,TE)"
32,Tua Tagovailoa,ATL,32.0,115.0,17.0,302.0,204.0,2171.0,10.0,8.0,20.0,16.0,44.0,0.0,,,,1915.6,8.8,38.8,0.0,266.5,180.0,14.1,141.24,124.5,,,7.32,"Mike Clay / ESPN, 17-game",2026-08-13,"Clay's guidance: minus 3 games (RB) / 2 games (QB,WR,TE)"
33,Michael Penix Jr.,ATL,33.0,114.0,17.0,265.0,168.0,1886.0,10.0,5.0,16.0,19.0,77.0,1.0,,,,1664.1,8.8,67.9,0.9,233.8,148.2,16.8,139.14,122.75,,,7.22,"Mike Clay / ESPN, 17-game",2026-08-13,"Clay's guidance: minus 3 games (RB) / 2 games (QB,WR,TE)"
34,Shedeur Sanders,CLV,34.0,96.0,17.0,232.0,147.0,1623.0,7.0,6.0,18.0,21.0,119.0,1.0,,,,1432.1,6.2,105.0,0.9,204.7,129.7,18.5,117.82,104.18,,,6.13,"Mike Clay / ESPN, 17-game",2026-08-13,"Clay's guidance: minus 3 games (RB) / 2 games (QB,WR,TE)"
35,Kirk Cousins,LV,35.0,46.0,17.0,118.0,78.0,833.0,4.0,3.0,7.0,6.0,11.0,0.0,,,,735.0,3.5,9.7,0.0,104.1,68.8,5.3,54.42,47.87,,,2.82,"Mike Clay / ESPN, 17-game",2026-08-13,"Clay's guidance: minus 3 games (RB) / 2 games (QB,WR,TE)"
36,J.J. McCarthy,MIN,36.0,40.0,17.0,86.0,55.0,599.0,3.0,2.0,6.0,10.0,44.0,1.0,,,,528.5,2.6,38.8,0.9,75.9,48.5,8.8,49.36,43.42,,,2.55,"Mike Clay / ESPN, 17-game",2026-08-13,"Clay's guidance: minus 3 games (RB) / 2 games (QB,WR,TE)"
37,Jarrett Stidham,DEN,40.0,10.0,17.0,22.0,14.0,161.0,1.0,1.0,2.0,2.0,7.0,0.0,,,,142.1,0.9,6.2,0.0,19.4,12.4,1.8,12.14,10.8,,,0.64,"Mike Clay / ESPN, 17-game",2026-08-13,"Clay's guidance: minus 3 games (RB) / 2 games (QB,WR,TE)"
38,Justin Fields,KC,38.0,11.0,17.0,21.0,13.0,140.0,1.0,0.0,3.0,3.0,15.0,0.0,,,,123.5,0.9,13.2,0.0,18.5,11.5,2.6,12.1,10.76,,,0.63,"Mike Clay / ESPN, 17-game",2026-08-13,"Clay's guidance: minus 3 games (RB) / 2 games (QB,WR,TE)"
39,Joe Flacco,CIN,39.0,11.0,17.0,25.0,15.0,164.0,1.0,1.0,1.0,0.0,1.0,0.0,,,,144.7,0.9,0.9,0.0,22.1,13.2,0.0,11.66,10.38,,,0.61,"Mike Clay / ESPN, 17-game",2026-08-13,"Clay's guidance: minus 3 games (RB) / 2 games (QB,WR,TE)"
40,Carson Beck,ARZ,37.0,29.0,2.0,66.0,41.0,448.0,3.0,2.0,5.0,7.0,29.0,0.0,,,,0.0,0.0,0.0,0.0,0.0,0.0,0.0,35.82,0.0,,,0.0,"Mike Clay / ESPN, 17-game",2026-08-13,"Clay's guidance: minus 3 games (RB) / 2 games (QB,WR,TE)"
